ID,custcat,region,marital,churn,monthly_revenue,expected_tenure,CLV,sf_12m
1,Basic service,Zone 2,Married,Yes,25,93.7500757076985,2343.7518926924627,0.9393064928488697
2,Total service,Zone 3,Married,Yes,65,99.4522389756669,6464.395533418348,0.9444723894389593
3,Plus service,Zone 3,Married,No,45,544.6533698256965,24509.401642156343,0.997978354149439
4,Basic service,Zone 2,Unmarried,Yes,25,45.45416454658062,1136.3541136645156,0.8421907001998499
5,Plus service,Zone 2,Married,No,45,127.43746849505953,5734.686082277679,0.962486213284307
6,Plus service,Zone 2,Unmarried,No,45,159.86519322266383,7193.933695019872,0.9744784226973705
7,E-service,Zone 3,Married,Yes,35,37.18838752468196,1301.5935633638685,0.8029678597761037
8,Total service,Zone 2,Unmarried,No,65,27.108174432784217,1762.031338130974,0.7304069477797066
9,Plus service,Zone 3,Married,No,45,340.3323112258671,15314.95400516402,0.9941397699587218
10,E-service,Zone 1,Married,No,35,391.4537275673927,13700.880464858745,0.9956789706431238
11,Basic service,Zone 2,Unmarried,Yes,25,18.00281764979764,450.07044124494104,0.6200581994853321
12,Plus service,Zone 3,Unmarried,No,45,76.32976763800318,3434.839543710143,0.9183536570298542
13,Basic service,Zone 1,Married,No,25,72.01356422691848,1800.339105672962,0.9115277263880964
14,Total service,Zone 2,Married,Yes,65,248.99647277765618,16184.770730547652,0.9888434706440711
15,Basic service,Zone 2,Unmarried,No,25,49.90009329492965,1247.5023323732412,0.8585476790016209
16,E-service,Zone 1,Married,No,35,102.86800187731939,3600.3800657061784,0.9472670007217949
17,Plus service,Zone 3,Unmarried,No,45,762.4184536231007,34308.83041303953,0.9991205951934097
18,Plus service,Zone 3,Unmarried,No,45,122.269424133019,5502.124085985855,0.9598633034717338
19,Basic service,Zone 2,Unmarried,No,25,22.19479979439382,554.8699948598455,0.6784477005585785
20,Total service,Zone 1,Married,Yes,65,31.204140620530143,2028.2691403344593,0.7642598369155603
21,E-service,Zone 3,Unmarried,Yes,35,39.543613697688244,1384.0264794190884,0.815551209249444
22,Basic service,Zone 1,Married,No,25,177.29753269523536,4432.438317380884,0.9787760611582573
23,Total service,Zone 3,Unmarried,No,65,31.196428307667762,2027.7678399984045,0.7642024974674114
24,Basic service,Zone 3,Married,No,25,166.69644302223355,4167.411075555839,0.9762964882385788
25,Plus service,Zone 3,Married,No,45,302.4073439608683,13608.330478239073,0.9924802670528344
26,Plus service,Zone 2,Unmarried,No,45,39.78388736593803,1790.2749314672112,0.8167648575849584
27,Total service,Zone 2,Unmarried,No,65,35.5027995431881,2307.6819703072265,0.7931269567654837
28,Plus service,Zone 3,Married,No,45,155.0504708752662,6977.271189386979,0.9730770854655879
29,Basic service,Zone 1,Married,No,25,28.532692062123974,713.3173015530994,0.7430040598059546
30,E-service,Zone 2,Married,No,35,75.25230027207995,2633.8305095227984,0.9167243463701579
31,E-service,Zone 1,Married,No,35,76.68279661481641,2683.897881518574,0.9188772970877517
32,Total service,Zone 1,Married,No,65,211.0597506857324,13718.883794572606,0.9846308948387781
33,Plus service,Zone 1,Married,No,45,551.2266562848872,24805.199532819926,0.998035481625581
34,E-service,Zone 1,Married,No,35,57.80460781453828,2023.1612735088397,0.881915189120415
35,Total service,Zone 2,Married,No,65,89.55263521413521,5820.921288918788,0.9350458343574074
36,E-service,Zone 3,Married,Yes,35,88.24752743705471,3088.663460296915,0.9336322317175714
37,Total service,Zone 2,Unmarried,No,65,279.68579764750405,18179.576847087763,0.9911676706920769
38,Plus service,Zone 1,Married,No,45,153.8278587551988,6922.253643983946,0.972704022594101
39,Plus service,Zone 1,Married,Yes,45,81.76092547560174,3679.241646402078,0.9258938747683372
40,Plus service,Zone 2,Unmarried,No,45,642.3927297260756,28907.6728376734,0.9986462358532529
41,Plus service,Zone 3,Unmarried,No,45,112.13942794440806,5046.274257498362,0.9539030539999106
42,Plus service,Zone 2,Unmarried,No,45,51.4824882922324,2316.7119731504577,0.8637536863214317
43,Basic service,Zone 2,Married,No,25,41.98456412095544,1049.614103023886,0.827331600805106
44,Total service,Zone 1,Married,Yes,65,64.67622904004473,4203.954887602908,0.897824337504697
45,Plus service,Zone 1,Married,No,45,329.449403030524,14825.223136373581,0.9937192057956145
46,E-service,Zone 1,Married,No,35,49.156784528259884,1720.4874584890958,0.8559975962128787
47,E-service,Zone 1,Married,No,35,315.6201163319225,11046.704071617287,0.99312348403537
48,Total service,Zone 3,Married,Yes,65,67.86229298359189,4411.049043933473,0.9041360900608647
49,Basic service,Zone 3,Married,Yes,25,64.86938069886754,1621.7345174716886,0.8982243306303382
50,Plus service,Zone 1,Unmarried,Yes,45,54.31789878767026,2444.3054454451617,0.8723847952444349
51,Basic service,Zone 2,Married,Yes,25,22.594980342998124,564.8745085749531,0.6832574115113859
52,E-service,Zone 1,Married,No,35,792.1234398769038,27724.320395691633,0.9992029904851705
53,Total service,Zone 3,Unmarried,No,65,13.558069498326226,881.2745173912047,0.536644237159418
54,Basic service,Zone 1,Married,No,25,37.368449477143926,934.2112369285982,0.803976074741126
55,Basic service,Zone 1,Unmarried,No,25,28.185476489295674,704.6369122323919,0.7400206390428004
56,Basic service,Zone 2,Married,Yes,25,29.794935115536624,744.8733778884156,0.7534074727184601
57,E-service,Zone 3,Unmarried,No,35,110.83683266407648,3879.289143242677,0.953045934443118
58,Basic service,Zone 1,Married,No,25,578.0964241740091,14452.410604350229,0.9982479658303997
59,Plus service,Zone 2,Unmarried,No,45,395.9563484884601,17818.035681980706,0.9957871326602677
60,E-service,Zone 2,Married,No,35,131.41939436719568,4599.678802851849,0.9643435037324093
61,Plus service,Zone 2,Married,Yes,45,144.38841771146957,6497.478797016131,0.9695618641092771
62,Total service,Zone 2,Married,No,65,143.8499050354695,9350.243827305518,0.9693674639504348
63,Basic service,Zone 3,Unmarried,No,25,170.84495247684174,4271.123811921044,0.9773128583391258
64,Total service,Zone 2,Married,No,65,157.08711236749073,10210.662303886898,0.9736827590992762
65,Total service,Zone 2,Unmarried,Yes,65,79.97344651971636,5198.274023781563,0.9235293823909151
66,Basic service,Zone 3,Married,No,25,141.2988276982057,3532.470692455143,0.968422233516257
67,Plus service,Zone 3,Married,No,45,481.87080692744854,21684.186311735186,0.9973027505100004
68,Plus service,Zone 1,Married,No,45,2228.3423765061966,100275.40694277885,0.9999586323191699
69,Basic service,Zone 1,Unmarried,No,25,27.003943186743673,675.0985796685918,0.7294470276165469
70,Basic service,Zone 3,Unmarried,Yes,25,38.252173592975105,956.3043398243776,0.8088105218633104
71,Basic service,Zone 1,Married,No,25,195.64657001272826,4891.1642503182065,0.9822805187912297
72,E-service,Zone 3,Unmarried,No,35,52.77361532077614,1847.0765362271648,0.8677898231944484
73,Basic service,Zone 1,Unmarried,No,25,44.949700568324644,1123.742514208116,0.8401544765399174
74,E-service,Zone 2,Unmarried,No,35,51.91398011174007,1816.9893039109024,0.8651230216251495
75,Plus service,Zone 2,Married,No,45,293.4724202138656,13206.258909623952,0.9919981039905682
76,Basic service,Zone 1,Unmarried,No,25,21.531017378839323,538.2754344709831,0.6702066079352325
77,Plus service,Zone 1,Married,Yes,45,178.58329492378283,8036.248271570227,0.9790517558506862
78,Basic service,Zone 2,Unmarried,No,25,350.1770982052606,8754.427455131516,0.9944880118515699
79,Plus service,Zone 1,Unmarried,No,45,468.6448693992368,21089.019122965656,0.9971232699749304
80,Total service,Zone 1,Unmarried,No,65,28.317936686121264,1840.6658845978823,0.7411652124642727
81,Total service,Zone 3,Married,No,65,62.71284610332629,4076.334996716209,0.8936220900414628
82,Basic service,Zone 2,Unmarried,Yes,25,27.517270245563573,687.9317561390893,0.734122895813675
83,Total service,Zone 3,Married,Yes,65,443.27443035093177,28812.837972810565,0.9967316988820384
84,Plus service,Zone 2,Unmarried,No,45,140.82689660242244,6337.2103471090095,0.9682428556006979
85,E-service,Zone 2,Married,No,35,122.29237096228591,4280.232983680007,0.9598755206071808
86,Basic service,Zone 2,Married,No,25,46.01411228372343,1150.3528070930856,0.8444048995286232
87,E-service,Zone 1,Unmarried,No,35,75.77783885229617,2652.2243598303658,0.9175249709263446
88,Total service,Zone 2,Married,Yes,65,75.06607685472923,4879.2949955574,0.9164378985185749
89,Total service,Zone 2,Unmarried,Yes,65,43.41906058075799,2822.2389377492696,0.8337243444488454
90,Plus service,Zone 1,Married,No,45,335.71201778712174,15107.040800420478,0.9939660309448608
91,E-service,Zone 3,Married,No,35,112.92964994397607,3952.5377480391626,0.954412112615916
92,Basic service,Zone 2,Unmarried,No,25,39.53049169820648,988.2622924551621,0.8154845722454339
93,E-service,Zone 3,Married,No,35,102.67086417696981,3593.4802461939435,0.9471113011631282
94,Total service,Zone 3,Unmarried,No,65,29.88867610485565,1942.7639468156174,0.7541535374709999
95,Basic service,Zone 3,Married,Yes,25,27.501068117826065,687.5267029456517,0.733977272100701
96,Total service,Zone 2,Unmarried,Yes,65,29.88867610485565,1942.7639468156174,0.7541535374709999
97,Plus service,Zone 1,Married,No,45,496.95698111360014,22363.064150112004,0.997489703341823
98,E-service,Zone 3,Married,Yes,35,164.11314423193753,5743.960048117813,0.9756310446130417
99,Plus service,Zone 2,Married,Yes,45,89.31788194813001,4019.3046876658505,0.9347948222220339
100,E-service,Zone 3,Unmarried,No,35,688.1465072732182,24085.127754562636,0.9988594856562218
101,Total service,Zone 1,Unmarried,No,65,20.897884090294145,1358.3624658691194,0.6620244154648605
102,Plus service,Zone 3,Married,No,45,85.57368226872417,3850.815702092588,0.9305924712633967
103,Plus service,Zone 2,Unmarried,Yes,45,48.404213785652715,2178.189620354372,0.853344017429759
104,E-service,Zone 1,Married,Yes,35,49.333602714469656,1726.676095006438,0.8566104913587221
105,E-service,Zone 2,Unmarried,No,35,312.1562874819007,10925.470061866523,0.9929623318635282
106,E-service,Zone 2,Unmarried,Yes,35,96.89123953671445,3391.1933837850056,0.942234380739133
107,Basic service,Zone 1,Unmarried,No,25,204.1564390142112,5103.91097535528,0.9836353391694163
108,Total service,Zone 3,Unmarried,No,65,82.77599588060006,5380.439732239004,0.927189198382634
109,Basic service,Zone 1,Unmarried,No,25,17.422850753359604,435.57126883399013,0.6106294446937289
110,E-service,Zone 2,Married,No,35,267.85618613760585,9374.966514816204,0.9903583833281754
111,E-service,Zone 3,Married,No,35,345.912355551887,12106.932444316046,0.9943406897784568
112,E-service,Zone 2,Married,Yes,35,86.18747429898097,3016.561600464334,0.9313079666596411
113,Basic service,Zone 2,Unmarried,No,25,34.582149641133,864.553741028325,0.7874259961342582
114,E-service,Zone 2,Unmarried,No,35,22.77936855086325,797.2778992802138,0.6854348058521605
115,Plus service,Zone 1,Unmarried,No,45,89.98338996821882,4049.2525485698466,0.93550277641581
116,Basic service,Zone 1,Unmarried,No,25,19.495387221050013,487.38468052625035,0.6426865628939215
117,Plus service,Zone 3,Unmarried,No,45,68.23887750196965,3070.7494875886346,0.9048436399286551
118,Plus service,Zone 1,Married,No,45,108.0212905369387,4860.958074162241,0.9511132676755853
119,Plus service,Zone 1,Unmarried,No,45,264.51391675088416,11903.126253789787,0.9901114145674927
120,Basic service,Zone 3,Unmarried,Yes,25,11.375496138886751,284.3874034721688,0.48393871120996146
121,Basic service,Zone 2,Unmarried,No,25,78.97170104304772,1974.2925260761929,0.9221555909533012
122,Basic service,Zone 3,Unmarried,No,25,69.3926969597728,1734.81742399432,0.9069639564037955
123,Basic service,Zone 3,Married,No,25,96.10695080737088,2402.673770184272,0.9415228569231074
124,E-service,Zone 1,Married,Yes,35,92.18576857197083,3226.501900018979,0.9377674855979418
125,Basic service,Zone 3,Married,Yes,25,23.282896523614305,582.0724130903576,0.6912601523061124
126,E-service,Zone 2,Unmarried,No,35,129.97710895474512,4549.198813416079,0.9636862215067569
127,Total service,Zone 3,Unmarried,No,65,15.995051030758983,1039.678316999334,0.5857141367305922
128,E-service,Zone 2,Married,Yes,35,49.63040739350155,1737.0642587725542,0.8576304333685844
129,E-service,Zone 3,Married,Yes,35,37.18838752468196,1301.5935633638685,0.8029678597761037
130,Total service,Zone 2,Married,No,65,498.8655679214713,32426.261914895636,0.9975121115516042
131,Plus service,Zone 1,Married,Yes,45,212.3048387440465,9553.717743482091,0.9848014590751062
132,Basic service,Zone 2,Married,Yes,25,45.77719515467723,1144.4298788669307,0.8434738763153248
133,Total service,Zone 1,Married,No,65,278.4181459978815,18097.179489862297,0.991085498453761
134,E-service,Zone 1,Married,Yes,35,154.48555250280862,5406.994337598301,0.9729056077404756
135,Plus service,Zone 2,Unmarried,No,45,99.80993337131912,4491.44700170936,0.9447749443824729
136,Basic service,Zone 3,Unmarried,No,25,21.546856316613354,538.6714079153338,0.6704071967499299
137,Basic service,Zone 2,Unmarried,No,25,67.69094783351652,1692.273695837913,0.9038115710695827
138,Plus service,Zone 2,Unmarried,No,45,106.15736367482324,4777.081365367046,0.9497702310052759
139,Plus service,Zone 3,Married,No,45,93.2259057247069,4195.1657576118105,0.9387970217229077
140,Total service,Zone 3,Unmarried,Yes,65,25.334883087482503,1646.7674006863626,0.7133057063617876
141,Total service,Zone 1,Married,No,65,64.28944584785725,4178.813980110722,0.8970162925580261
142,Plus service,Zone 1,Married,No,45,158.13004416689142,7115.851987510114,0.9739855033937383
143,Total service,Zone 1,Married,No,65,57.13110292195444,3713.5216899270386,0.8801594774728451
144,E-service,Zone 2,Married,No,35,788.044960429801,27581.573615043035,0.9991922936541544
145,Plus service,Zone 1,Unmarried,No,45,78.59585022483232,3536.8132601174543,0.9216307913372674
146,Basic service,Zone 3,Unmarried,No,25,10.824404282843442,270.6101070710861,0.46903818141950837
147,Total service,Zone 2,Married,No,65,151.64562044485234,9856.965328915403,0.972019800344818
148,E-service,Zone 3,Married,Yes,35,39.79135377937241,1392.6973822780342,0.8168023740184174
149,E-service,Zone 3,Married,No,35,203.46864051551643,7121.402418043075,0.9835312910770431
150,E-service,Zone 1,Unmarried,No,35,123.78375964362326,4332.431587526814,0.9606582967637195
151,Basic service,Zone 2,Married,No,25,42.2371549392327,1055.9288734808176,0.8284842944805121
152,Plus service,Zone 1,Unmarried,No,45,49.56117137509563,2230.2527118793037,0.8573934960082905
153,Total service,Zone 3,Unmarried,No,65,64.32732167905543,4181.275909138603,0.8970958398860096
154,Total service,Zone 3,Unmarried,No,65,166.15901898433293,10800.336233981641,0.9761601716054373
155,Total service,Zone 3,Unmarried,No,65,171.7117513486493,11161.263837662205,0.9775174773833398
156,Plus service,Zone 1,Married,No,45,20.5504433514843,924.7699508167935,0.657394215542439
157,Basic service,Zone 2,Unmarried,No,25,24.33627645122338,608.4069112805845,0.702902514141726
158,Basic service,Zone 2,Unmarried,No,25,29.267235896543504,731.6808974135876,0.7491403529220715
159,E-service,Zone 1,Married,Yes,35,62.22269738323906,2177.794408413367,0.8925328461550369
160,Plus service,Zone 3,Unmarried,No,45,270.71069830405787,12181.981423682604,0.9905626691074019
161,Plus service,Zone 3,Married,No,45,179.65770170970293,8084.596576936632,0.9792783053001131
162,Plus service,Zone 2,Married,No,45,777.753643420802,34998.91395393609,0.9991644546045257
163,Basic service,Zone 2,Married,No,25,185.05502714303003,4626.3756785757505,0.9803661146974393
164,Plus service,Zone 3,Unmarried,No,45,64.54469059956101,2904.5110769802454,0.8975505972487985
165,E-service,Zone 1,Unmarried,No,35,109.38286919243286,3828.4004217351503,0.952061899983665
166,E-service,Zone 1,Married,No,35,145.02036971540338,5075.712940039119,0.9697877762790621
167,Total service,Zone 3,Married,Yes,65,25.49360570837231,1657.0843710442002,0.7149057459385004
168,Basic service,Zone 3,Married,No,25,54.657148374042066,1366.4287093510516,0.8733619615901012
169,Basic service,Zone 3,Unmarried,No,25,24.383625178812427,609.5906294703107,0.703409291719541
170,E-service,Zone 1,Unmarried,Yes,35,167.99424567745905,5879.798598711067,0.9766211946816898
171,Total service,Zone 2,Married,No,65,135.0854086770367,8780.551564007385,0.9659398710617763
172,Basic service,Zone 1,Married,No,25,173.99009630411507,4349.752407602877,0.9780431302763314
173,Total service,Zone 2,Married,No,65,115.78906407045845,7526.289164579799,0.9561882319805378
174,Basic service,Zone 2,Unmarried,Yes,25,13.923592653256861,348.0898163314215,0.5445994349321059
175,E-service,Zone 3,Unmarried,No,35,332.2856491680209,11629.99772088073,0.9938326528805659
176,Basic service,Zone 3,Unmarried,Yes,25,10.433038665584869,260.8259666396217,0.458015010227769
177,Plus service,Zone 1,Unmarried,No,45,461.556709661926,20770.05193478667,0.9970204855456665
178,Total service,Zone 3,Married,Yes,65,21.20632079980111,1378.410851987072,0.6660508271952357
179,Total service,Zone 3,Unmarried,No,65,30.935292271127345,2010.7939976232774,0.7622480225536022
180,Basic service,Zone 1,Unmarried,Yes,25,38.29842352547618,957.4605881369046,0.8090584455318751
181,Total service,Zone 2,Married,No,65,70.94294758051262,4611.291592733321,0.9097043309364264
182,Basic service,Zone 2,Unmarried,No,25,28.3787674063876,709.46918515969,0.7416881799196029
183,E-service,Zone 3,Married,No,35,55.42776956133154,1939.9719346466038,0.8755402222300473
184,E-service,Zone 2,Married,No,35,293.7004278210097,10279.51497373534,0.9920109246335089
185,E-service,Zone 3,Unmarried,No,35,572.42022793606,20034.7079777621,0.9982057139730817
186,Basic service,Zone 3,Unmarried,No,25,22.889663668509773,572.2415917127444,0.6867258022358519
187,Basic service,Zone 3,Married,No,25,12.773182895173738,319.32957237934346,0.5187629625910075
188,E-service,Zone 1,Married,Yes,35,41.918014217101906,1467.1304975985668,0.8270259232708748
189,Plus service,Zone 3,Married,No,45,74.47630484543275,3351.4337180444736,0.9155210722434086
190,Plus service,Zone 1,Married,Yes,45,195.65033261322415,8804.264967595087,0.9822811517241065
191,Basic service,Zone 2,Married,No,25,217.01195214132747,5425.298803533186,0.9854231113934763
192,Total service,Zone 3,Unmarried,No,65,27.43533626782329,1783.2968574085137,0.7333851816912373
193,E-service,Zone 1,Unmarried,Yes,35,22.916415569513372,802.074544932968,0.6870376513931371
194,Plus service,Zone 1,Unmarried,No,45,52.90397976950074,2380.6790896275334,0.8681872860510178
195,Total service,Zone 3,Married,No,65,191.74554934781906,12463.46070760824,0.9816069878221996
196,Basic service,Zone 1,Married,Yes,25,126.62578053389335,3165.6445133473335,0.9620907630943154
197,Basic service,Zone 2,Unmarried,No,25,46.63586007298937,1165.896501824734,0.8468084657262189
198,Plus service,Zone 2,Married,No,45,999.5999359603131,44981.997118214094,0.9995693282862056
199,Basic service,Zone 3,Unmarried,No,25,22.32002104277658,558.0005260694145,0.6799652552246584
200,Total service,Zone 3,Unmarried,No,65,247.65321724928108,16097.45912120327,0.9887234152509733
201,Basic service,Zone 1,Unmarried,No,25,65.69095190308346,1642.2737975770865,0.8998999440687204
202,Total service,Zone 1,Unmarried,No,65,43.910772220737954,2854.200194347967,0.8358324655762137
203,E-service,Zone 1,Married,No,35,36.74492217087877,1286.072275980757,0.8004502700928459
204,E-service,Zone 2,Married,No,35,807.8563955741331,28274.973845094657,0.9992425604748395
205,Total service,Zone 1,Married,Yes,65,92.3906855862973,6005.394563109324,0.9379722948640262
206,Basic service,Zone 2,Married,No,25,72.44681786420136,1811.1704466050342,0.9122501758560947
207,Plus service,Zone 1,Married,No,45,2971.3873647115056,133712.43141201776,0.9999836048895093
208,Total service,Zone 1,Married,Yes,65,27.773310898182537,1805.2652083818648,0.7364075334895259
209,Plus service,Zone 3,Unmarried,No,45,705.7447548227633,31758.513967024348,0.9989296982572152
210,Plus service,Zone 3,Married,No,45,79.4975684246367,3577.3905791086513,0.9228812396409846
211,Basic service,Zone 3,Unmarried,No,25,69.50884072896527,1737.7210182241317,0.9071735011442308
212,Basic service,Zone 1,Unmarried,Yes,25,35.15478986967422,878.8697467418555,0.7910002212944659
213,Basic service,Zone 3,Married,Yes,25,33.25986694307213,831.4966735768033,0.7787997764085959
214,E-service,Zone 2,Unmarried,No,35,33.51880914272906,1173.158319995517,0.7805315182355176
215,E-service,Zone 2,Unmarried,No,35,155.32015042211958,5436.205264774186,0.9731584060621365
216,Basic service,Zone 2,Unmarried,No,25,139.46269432813025,3486.5673582032564,0.9677161371393951
217,Plus service,Zone 2,Married,No,45,130.64124400130828,5878.855980058873,0.9639910064274966
218,Total service,Zone 3,Married,Yes,65,29.338362299430667,1906.9935494629933,0.7497222510782158
219,Total service,Zone 2,Married,No,65,473.7282324843885,30792.335111485252,0.9971940857403003
220,Basic service,Zone 3,Unmarried,No,25,223.75074041929273,5593.768510482319,0.9862533955416495
221,Plus service,Zone 1,Unmarried,No,45,57.84210640405651,2602.894788182543,0.8820118054351788
222,Total service,Zone 3,Unmarried,No,65,71.0111680434356,4615.725922823314,0.909822168918139
223,Basic service,Zone 3,Unmarried,No,25,42.51629894764436,1062.9074736911089,0.8297444926651384
224,Plus service,Zone 3,Married,No,45,352.80378137466494,15876.170161859922,0.9945761763983105
225,Basic service,Zone 2,Unmarried,Yes,25,35.79311786039635,894.8279465099088,0.794875531816091
226,Total service,Zone 1,Unmarried,Yes,65,115.99736136886708,7539.82848897636,0.956313715445455
227,Total service,Zone 2,Married,No,65,52.25367644945198,3396.488969214379,0.8661864685753226
228,Basic service,Zone 2,Unmarried,No,25,13.663851886781115,341.5962971695279,0.5389699719599372
229,Plus service,Zone 3,Unmarried,Yes,45,28.084996106640187,1263.8248247988083,0.7391470579572215
230,Plus service,Zone 2,Unmarried,No,45,259.57948285933355,11681.07672867001,0.9897306807821146
231,Plus service,Zone 1,Unmarried,No,45,90.99326051922121,4094.6967233649543,0.936555862238636
232,Plus service,Zone 1,Married,No,45,130.75052655958828,5883.773695181472,0.9640408092524184
233,E-service,Zone 1,Married,No,35,531.9072982390801,18616.755438367803,0.9978611406710728
234,Basic service,Zone 2,Unmarried,No,25,39.026451168321415,975.6612792080354,0.8128965616133356
235,Total service,Zone 1,Unmarried,No,65,26.92353766467632,1750.0299482039609,0.7287028255583015
236,E-service,Zone 2,Unmarried,No,35,535.4226565899801,18739.7929806493,0.9978943499631433
237,Total service,Zone 2,Married,No,65,307.23244968908875,19970.109229790767,0.9927242900355405
238,Total service,Zone 2,Married,No,65,140.70924540711215,9146.10095146229,0.9681979123568175
239,Basic service,Zone 3,Unmarried,No,25,16.236436094076343,405.9109023519086,0.5901068934200251
240,Total service,Zone 3,Married,No,65,271.8175570883858,17668.141210745078,0.9906402885902752
241,Basic service,Zone 3,Unmarried,No,25,42.22671574280457,1055.6678935701143,0.8284368894802993
242,Total service,Zone 2,Married,No,65,1566.4797818006846,101821.18581704449,0.9998790959297637
243,Plus service,Zone 3,Unmarried,No,45,1601.998695622969,72089.94130303361,0.9998868449498397
244,E-service,Zone 3,Married,Yes,35,34.34123937656263,1201.9433781796922,0.7858938277007947
245,Basic service,Zone 3,Unmarried,No,25,23.4367724433439,585.9193110835976,0.6930059363471968
246,Plus service,Zone 3,Unmarried,Yes,45,71.88592409161696,3234.866584122763,0.9113132109086987
247,E-service,Zone 2,Unmarried,No,35,91.1740595324709,3191.0920836364817,0.9367417542376067
248,Basic service,Zone 1,Unmarried,No,25,28.355048157336697,708.8762039334174,0.7414844618816885
249,Basic service,Zone 3,Married,No,25,235.003882219443,5875.097055486075,0.9875004434422692
250,E-service,Zone 2,Married,No,35,124.75516438111816,4366.430753339136,0.9611564734278446
251,Basic service,Zone 1,Unmarried,No,25,22.32002104277658,558.0005260694145,0.6799652552246584
252,Total service,Zone 2,Married,No,65,225.2896005870346,14643.82403815725,0.9864337894776938
253,E-service,Zone 1,Married,Yes,35,86.43533029157604,3025.2365602051614,0.9315938413909118
254,E-service,Zone 1,Unmarried,No,35,695.6105281488291,24346.36848520902,0.9988899828687955
255,Total service,Zone 3,Unmarried,Yes,65,17.970915438426193,1168.1095034977025,0.6195492672791147
256,Plus service,Zone 2,Married,No,45,401.1694176038637,18052.623792173865,0.9959078616933086
257,E-service,Zone 2,Unmarried,Yes,35,204.71650722784767,7165.077752974668,0.9837193915320782
258,Basic service,Zone 3,Married,No,25,188.73054335303297,4718.263583825824,0.9810617566598188
259,Total service,Zone 2,Unmarried,No,65,33.729799060973264,2192.436938963262,0.7819269857121868
260,Total service,Zone 3,Unmarried,Yes,65,20.190857851845212,1312.405760369939,0.6524933145210803
261,Total service,Zone 1,Unmarried,No,65,294.28053441141435,19128.23473674193,0.9920434174296859
262,Basic service,Zone 2,Unmarried,No,25,30.328443066004013,758.2110766501003,0.7576066280938795
263,Plus service,Zone 2,Unmarried,No,45,152.24769047714068,6851.14607147133,0.9722109692747872
264,E-service,Zone 3,Married,No,35,491.59528122521544,17205.83484288254,0.9974252971852481
265,Basic service,Zone 2,Married,No,25,166.83588607399662,4170.897151849916,0.9763316788861427
266,Basic service,Zone 3,Married,No,25,81.95435419478395,2048.858854869599,0.926143296764267
267,Plus service,Zone 1,Married,No,45,304.99081451633685,13724.58665323516,0.9926122842535565
268,Plus service,Zone 2,Married,No,45,372.99635021600346,16784.835759720158,0.9951943083732905
269,Plus service,Zone 1,Married,No,45,86.08851734870694,3873.9832806918125,0.9311933432816024
270,Basic service,Zone 2,Unmarried,No,25,32.269193794853024,806.7298448713256,0.7719733946580205
271,Plus service,Zone 2,Unmarried,No,45,54.710760172878715,2461.984207779542,0.8735153523897284
272,E-service,Zone 1,Unmarried,No,35,97.43789199965784,3410.326219988024,0.9427229181132945
273,Total service,Zone 1,Unmarried,No,65,32.3666731243737,2103.8337530842905,0.7726595968275194
274,Basic service,Zone 2,Unmarried,No,25,230.5629505837943,5764.0737645948575,0.9870277393459327
275,Plus service,Zone 3,Unmarried,No,45,140.32215429582658,6314.496943312196,0.9680494041195538
276,E-service,Zone 2,Married,No,35,174.40405802307146,6104.142030807501,0.9781367862434507
277,E-service,Zone 1,Unmarried,No,35,816.7209429115186,28585.23300190315,0.9992637289670022
278,Plus service,Zone 1,Unmarried,No,45,77.84581020431732,3503.0614591942795,0.9205678603575077
279,Plus service,Zone 2,Unmarried,No,45,211.89770927983687,9535.39691759266,0.9847459764723278
280,Basic service,Zone 3,Unmarried,No,25,87.59572430100964,2189.893107525241,0.9329094023769994
281,Total service,Zone 1,Unmarried,No,65,23.820043239558128,1548.3028105712783,0.6972862745257292
282,Total service,Zone 2,Married,Yes,65,76.42909959466618,4967.891473653302,0.9185014956016145
283,Plus service,Zone 1,Married,Yes,45,193.38919903958796,8702.513956781459,0.981895044690911
284,E-service,Zone 1,Unmarried,No,35,139.2556671665484,4873.948350829194,0.9676351234041746
285,Plus service,Zone 1,Married,No,45,104.202781860198,4689.12518370891,0.9483040109638107
286,Plus service,Zone 2,Married,No,45,99.03488254820813,4456.569714669366,0.9441163285031059
287,Total service,Zone 1,Married,No,65,89.12471243593359,5793.106308335683,0.9345872127248817
288,Plus service,Zone 1,Married,No,45,2147.7747473917684,96649.86363262958,0.9999535813078679
289,Plus service,Zone 2,Unmarried,No,45,170.17408150859038,7657.833667886567,0.9771526941142732
290,E-service,Zone 2,Married,No,35,178.93813091186456,6262.83458191526,0.979126957941248
291,Total service,Zone 3,Married,No,65,76.24530402063768,4955.944761341449,0.9182276367401222
292,Plus service,Zone 1,Married,No,45,1011.6638597101261,45524.873686955674,0.9995831091717597
293,E-service,Zone 1,Unmarried,Yes,35,31.138823908134384,1089.8588367847035,0.7637735282142442
294,Plus service,Zone 1,Unmarried,No,45,70.290280149675,3163.062606735375,0.9085653664538035
295,Total service,Zone 2,Married,No,65,336.71966669629,21886.778335258852,0.9940045110587932
296,Total service,Zone 2,Unmarried,No,65,147.89018383517623,9612.861949286455,0.9707844098239582
297,Plus service,Zone 2,Unmarried,No,45,108.08493078320654,4863.821885244294,0.9511582060965379
298,Basic service,Zone 3,Unmarried,No,25,46.748279647972105,1168.7069911993026,0.8472370199804572
299,Total service,Zone 1,Unmarried,No,65,21.346472696874596,1387.5207252968487,0.6678549168315187
300,E-service,Zone 2,Married,No,35,186.6113062511325,6531.395718789638,0.9806649421884612
301,Plus service,Zone 3,Married,No,45,1136.6344277364801,51148.54924814161,0.999697199144076
302,Plus service,Zone 1,Married,No,45,75.68137282718212,3405.6617772231953,0.9173788628801283
303,E-service,Zone 1,Married,No,35,321.7395715894017,11260.88500562906,0.9933961545087953
304,E-service,Zone 3,Unmarried,No,35,647.5416242086178,22663.956847301622,0.9986727247787905
305,Basic service,Zone 2,Unmarried,Yes,25,7.8711551334923,196.7788783373075,0.37533729883310685
306,Total service,Zone 1,Married,Yes,65,57.4748195315771,3735.863269552511,0.8810603444002716
307,E-service,Zone 1,Married,Yes,35,68.25168418591795,2388.8089465071284,0.9048675655978069
308,Plus service,Zone 2,Unmarried,No,45,145.93317014515262,6566.992656531867,0.9701099207323528
309,Total service,Zone 3,Unmarried,Yes,65,183.57699032068436,11932.504370844483,0.980076308602064
310,Basic service,Zone 2,Married,No,25,37.593268465474765,939.8317116368692,0.8052237331589579
311,Basic service,Zone 3,Married,Yes,25,14.80034642597575,370.00866064939373,0.5627877113628165
312,E-service,Zone 1,Unmarried,Yes,35,290.2343768454927,10158.203189592245,0.991812964125008
313,E-service,Zone 1,Married,Yes,35,208.4095018285339,7294.332563998687,0.9842588970703477
314,Total service,Zone 1,Married,No,65,56.58590093628923,3678.0835608588,0.8787093760708135
315,Total service,Zone 2,Married,No,65,279.11742836666247,18142.63284383306,0.9911309562176384
316,Basic service,Zone 2,Unmarried,Yes,25,33.23927290537424,830.981822634356,0.7786611340055096
317,Plus service,Zone 1,Married,Yes,45,46.48109273754983,2091.649173189742,0.846215476457981
318,Basic service,Zone 2,Married,Yes,25,37.368449477143926,934.2112369285982,0.803976074741126
319,Total service,Zone 3,Married,Yes,65,35.05877982770637,2278.820688800914,0.7904075086783354
320,Basic service,Zone 1,Married,Yes,25,23.367240601108694,584.1810150277173,0.6922190320516741
321,Total service,Zone 3,Unmarried,Yes,65,66.68459498402837,4334.498673961843,0.9018722712829456
322,Plus service,Zone 1,Married,No,45,357.06168272502913,16067.775722626311,0.9947150882573949
323,E-service,Zone 3,Unmarried,Yes,35,33.31835663968471,1166.1424823889647,0.7791928004310889
324,Total service,Zone 1,Married,Yes,65,28.988507194567962,1884.2529676469176,0.7468393520648918
325,Basic service,Zone 3,Unmarried,No,25,18.926419664253512,473.1604916063378,0.634325408384489
326,Plus service,Zone 1,Married,No,45,271.23082804935297,12205.387262220884,0.9905992529768236
327,Basic service,Zone 3,Married,Yes,25,14.889389427678804,372.2347356919701,0.5645677713113102
328,Plus service,Zone 1,Unmarried,No,45,149.53253269922897,6728.963971465303,0.9713339664835193
329,Total service,Zone 2,Unmarried,Yes,65,27.2056832157663,1768.3694090248096,0.7313000825761012
330,Basic service,Zone 3,Unmarried,No,25,22.86202165867778,571.5505414669445,0.6864030533401373
331,Basic service,Zone 3,Unmarried,No,25,167.65788718342645,4191.447179585662,0.9765376409732865
332,Basic service,Zone 3,Married,No,25,153.9341400389749,3848.3535009743728,0.9727367410642639
333,Basic service,Zone 3,Unmarried,No,25,91.42839661508899,2285.7099153772247,0.9370019172488165
334,Total service,Zone 1,Unmarried,No,65,29.180091313048585,1896.705935348158,0.7484244971121586
335,E-service,Zone 2,Married,No,35,1262.208636074072,44177.30226259252,0.9997743003426143
336,Basic service,Zone 1,Unmarried,No,25,66.59503474189079,1664.8758685472696,0.9016968772131895
337,Plus service,Zone 1,Married,No,45,939.0456848130018,42257.05581658508,0.9994904567049245
338,Basic service,Zone 2,Married,No,25,33.459967555829245,836.4991888957311,0.7801398615006091
339,Basic service,Zone 2,Unmarried,No,25,102.36466845311887,2559.1167113279716,0.9468681480340723
340,Plus service,Zone 1,Married,No,45,89.93040788222305,4046.8683547000373,0.9354468262709155
341,Basic service,Zone 1,Married,No,25,77.05408601448566,1926.3521503621416,0.9194227087786402
342,Total service,Zone 3,Unmarried,No,65,64.27355627966958,4177.781158178523,0.8969828938143378
343,Basic service,Zone 2,Unmarried,No,25,36.64864501639543,916.2161254098856,0.7998971143471083
344,Total service,Zone 3,Unmarried,No,65,84.75450785647566,5509.043010670917,0.9296204815001642
345,Plus service,Zone 2,Unmarried,No,45,259.36252380983444,11671.31357144255,0.9897134823972262
346,Basic service,Zone 1,Married,Yes,25,39.984018999069356,999.600474976734,0.817766381610195
347,E-service,Zone 2,Unmarried,No,35,137.48006313905506,4811.802209866927,0.9669283015320391
348,Plus service,Zone 2,Unmarried,Yes,45,265.88289266864473,11964.730170089013,0.9902136077752246
349,Total service,Zone 3,Married,No,65,132.45462830356746,8609.550839731884,0.964804894504839
350,Total service,Zone 2,Married,No,65,30.647651619985353,1992.0973552990479,0.7600656015494255
351,Total service,Zone 3,Married,No,65,1058.21249797641,68783.81236846665,0.9996312237735699
352,Plus service,Zone 2,Married,No,45,1620.3781822723759,72917.0182022569,0.9998906062128079
353,Basic service,Zone 3,Unmarried,No,25,146.80832133495915,3670.2080333739787,0.9704142355345458
354,Plus service,Zone 3,Unmarried,Yes,45,42.927859557623485,1931.7536800930568,0.8315767644653391
355,E-service,Zone 2,Married,No,35,321.7395715894017,11260.88500562906,0.9933961545087953
356,Plus service,Zone 2,Unmarried,No,45,146.33941002778704,6585.273451250417,0.97025172953957
357,E-service,Zone 3,Married,No,35,279.4719570877378,9781.518498070822,0.9911538818309644
358,E-service,Zone 1,Unmarried,No,35,132.33718640383617,4631.801524134266,0.9647529806270002
359,Plus service,Zone 1,Married,No,45,478.9890753903496,21554.508392565735,0.9972649455020807
360,Plus service,Zone 3,Unmarried,No,45,383.93626089451243,17277.13174025306,0.9954899006547482
361,Plus service,Zone 3,Married,No,45,316.16719628625253,14227.523832881365,0.9931484766312426
362,Plus service,Zone 2,Unmarried,Yes,45,48.404213785652715,2178.189620354372,0.853344017429759
363,Total service,Zone 3,Married,No,65,23.969275414012458,1558.0029019108097,0.6989271283579495
364,E-service,Zone 1,Unmarried,No,35,37.210296892072535,1302.3603912225387,0.8030909644698596
365,Plus service,Zone 1,Unmarried,No,45,126.64404565678065,5698.982054555129,0.9620997269915901
366,Basic service,Zone 3,Unmarried,No,25,674.2699863938669,16856.749659846675,0.9987997959615939
367,Total service,Zone 1,Married,Yes,65,59.72460790249238,3882.099513662005,0.8867139270255703
368,Plus service,Zone 3,Unmarried,No,45,494.6396647797133,22258.7849150871,0.9974621335583294
369,Basic service,Zone 3,Unmarried,No,25,131.34331425755443,3283.5828564388607,0.9643092570164585
370,Total service,Zone 1,Married,Yes,65,32.990095847993345,2144.3562301195675,0.7769728284260564
371,Total service,Zone 1,Married,No,65,85.59226749544185,5563.49738720372,0.9306142954723444
372,Plus service,Zone 3,Married,No,45,506.4038038872571,22788.17117492657,0.9975980578124093
373,E-service,Zone 2,Unmarried,No,35,289.9917961382707,10149.712864839474,0.9917988598628219
374,Total service,Zone 2,Unmarried,No,65,21.20107951523388,1378.0701684902021,0.6659830531840547
375,Basic service,Zone 2,Unmarried,No,25,46.63586007298937,1165.896501824734,0.8468084657262189
376,Basic service,Zone 3,Married,No,25,60.62592595595927,1515.6481488989816,0.8888665348784206
377,E-service,Zone 2,Unmarried,No,35,53.09111607269345,1858.1890625442709,0.868754694135909
378,E-service,Zone 1,Married,No,35,229.7861891354075,8042.516619739263,0.9869425347984656
379,Total service,Zone 2,Unmarried,No,65,38.23055612681279,2484.9861482428314,0.808694470466783
380,Basic service,Zone 2,Married,No,25,40.22457398132171,1005.6143495330427,0.8189590857062714
381,Basic service,Zone 3,Unmarried,No,25,30.73158158938849,768.2895397347122,0.76070564291678
382,E-service,Zone 1,Unmarried,Yes,35,30.400601278980268,1064.0210447643094,0.758165939148106
383,Plus service,Zone 2,Married,No,45,142.3235272122406,6404.558724550827,0.9688068044770485
384,E-service,Zone 1,Unmarried,No,35,49.04470337108049,1716.564617987817,0.8556070354344218
385,E-service,Zone 1,Unmarried,No,35,46.65134067303809,1632.7969235563332,0.8468675878581887
386,Plus service,Zone 2,Married,No,45,426.68185741949446,19200.68358387725,0.9964362547138071
387,Basic service,Zone 2,Unmarried,No,25,36.69295615479765,917.3239038699412,0.800151996535187
388,Total service,Zone 3,Married,No,65,101.13577562002801,6573.825415301821,0.9458758486061285
389,Plus service,Zone 3,Married,No,45,144.16168630494852,6487.275883722683,0.9694802287139178
390,E-service,Zone 3,Married,No,35,37.05509940323179,1296.9284791131126,0.802216364982381
391,Basic service,Zone 2,Married,Yes,25,133.7612587628025,3344.0314690700625,0.9653752133948269
392,Total service,Zone 2,Married,No,65,818.4340945415593,53198.21614520135,0.9992677305399278
393,Total service,Zone 1,Married,Yes,65,59.417098272611405,3862.1113877197413,0.8859652187297619
394,Total service,Zone 3,Unmarried,No,65,18.53354001889703,1204.6801012283067,0.6283647734023944
395,Plus service,Zone 3,Unmarried,No,45,33.912734533253186,1526.0730539963934,0.7831257414214319
396,Total service,Zone 2,Unmarried,Yes,65,34.42503740610259,2237.6274313966683,0.7864287199687497
397,Plus service,Zone 2,Unmarried,No,45,156.07519448670527,7023.383751901737,0.9733842531707808
398,E-service,Zone 2,Unmarried,No,35,253.50475927504584,8872.666574626604,0.9892337997427352
399,Plus service,Zone 1,Unmarried,No,45,465.45287746740183,20945.37948603308,0.9970775791814578
400,Plus service,Zone 3,Married,No,45,120.49364565627452,5422.214054532354,0.9589014969174197
401,E-service,Zone 1,Unmarried,No,35,154.39128947145855,5403.695131501049,0.9728768449533323
402,Plus service,Zone 1,Unmarried,No,45,238.64727250442343,10739.127262699054,0.9878706975110632
403,E-service,Zone 2,Married,No,35,108.14545875129988,3785.091056295496,0.9512008916854724
404,Plus service,Zone 3,Unmarried,No,45,294.1071510838567,13234.821798773552,0.9920337248311879
405,Basic service,Zone 3,Married,No,25,309.3707387012828,7734.26846753207,0.9928289897116176
406,Plus service,Zone 3,Married,No,45,284.32560688100637,12794.652309645286,0.9914597597114411
407,Total service,Zone 3,Married,No,65,31.988612115406653,2079.2597875014326,0.7699800633262066
408,E-service,Zone 3,Unmarried,No,35,85.10697328177228,2978.74406486203,0.9300411211033384
409,Basic service,Zone 3,Unmarried,No,25,30.73158158938849,768.2895397347122,0.76070564291678
410,E-service,Zone 2,Unmarried,No,35,126.28817750927807,4420.086212824733,0.9619245332841757
411,Total service,Zone 2,Married,No,65,97.59698498895769,6343.80402428225,0.9428639731760874
412,Basic service,Zone 3,Unmarried,Yes,25,26.363748104371307,659.0937026092827,0.7234304522849409
413,E-service,Zone 2,Unmarried,Yes,35,35.437243402296914,1240.303519080392,0.7927289114029825
414,E-service,Zone 1,Unmarried,No,35,1961.4575173905623,68651.01310866968,0.9999385359163923
415,Plus service,Zone 2,Unmarried,No,45,927.6183969617767,41742.827863279956,0.9994735164934104
416,E-service,Zone 3,Unmarried,No,35,21.21294416559061,742.4530457956713,0.6661364409270805
417,Basic service,Zone 3,Married,No,25,97.85202614506255,2446.300653626564,0.9430890500416669
418,Plus service,Zone 1,Married,No,45,439.3049307851393,19768.721885331266,0.9966640950545014
419,E-service,Zone 3,Unmarried,Yes,35,53.135527261753374,1859.7434541613682,0.86888881039017
420,Basic service,Zone 2,Unmarried,Yes,25,11.060874146304807,276.52185365762017,0.4755186394008373
421,E-service,Zone 3,Unmarried,No,35,256.99366141113734,8994.778149389807,0.9895231044256344
422,Basic service,Zone 1,Married,No,25,9.77647839134158,244.41195978353952,0.4386426074474099
423,Plus service,Zone 3,Unmarried,No,45,79.06870472593639,3558.0917126671375,0.9222901990521152
424,Total service,Zone 2,Married,Yes,65,23.82593197861656,1548.6855786100764,0.697351293701233
425,E-service,Zone 1,Married,No,35,284.6524332198526,9962.83516269484,0.9914798340566008
426,E-service,Zone 1,Married,No,35,203.0530720733425,7106.857522566987,0.9834679794520579
427,Total service,Zone 1,Married,No,65,696.816528178803,45293.07433162219,0.9988948095086754
428,Basic service,Zone 2,Married,No,25,300.2300745770426,7505.751864426065,0.9923665005884938
429,Plus service,Zone 1,Unmarried,No,45,50.64388439299628,2278.9747976848325,0.8610315450807223
430,E-service,Zone 1,Married,No,35,413.85840903453635,14485.044316208772,0.9961829177615442
431,Basic service,Zone 2,Unmarried,No,25,129.00096134457775,3225.024033614444,0.9632315406502765
432,E-service,Zone 2,Married,No,35,357.17333899873523,12501.066864955734,0.994718665956368
433,Basic service,Zone 2,Unmarried,Yes,25,19.378798975040503,484.4699743760126,0.640998689512651
434,E-service,Zone 1,Married,No,35,50.39258514559319,1763.7404800957615,0.8601997785286114
435,Total service,Zone 2,Unmarried,Yes,65,13.146485788160096,854.5215762304063,0.527407575316725
436,Total service,Zone 3,Married,Yes,65,28.471531399843546,1850.6495409898305,0.7424824755698057
437,Basic service,Zone 1,Unmarried,No,25,211.81478413620076,5295.369603405019,0.9847346412407982
438,Total service,Zone 1,Unmarried,No,65,132.53266333835245,8614.623116992909,0.9648393289072099
439,Plus service,Zone 2,Unmarried,No,45,67.12732694078048,3020.7297123351213,0.9027325251932126
440,Total service,Zone 3,Unmarried,Yes,65,23.395240896288513,1520.6906582587533,0.6925363042908972
441,Total service,Zone 3,Married,No,65,152.81330161411427,9932.864604917428,0.9723888873476509
442,Plus service,Zone 3,Unmarried,No,45,191.35557746935226,8611.000986120851,0.9815377073904379
443,Total service,Zone 3,Married,No,65,43.6910802726648,2839.920217723212,0.8348956605629962
444,Basic service,Zone 2,Unmarried,No,25,38.99383248190779,974.8458120476947,0.812727154766965
445,Plus service,Zone 3,Married,No,45,196.90069034156826,8860.531065370571,0.9824897529271985
446,E-service,Zone 1,Unmarried,No,35,122.20543291097688,4277.1901518841905,0.9598292057744495
447,Plus service,Zone 2,Married,No,45,253.48816222906598,11406.96730030797,0.9892323974266187
448,Basic service,Zone 1,Unmarried,No,25,42.00929913371845,1050.2324783429613,0.8274450026423283
449,Total service,Zone 2,Married,No,65,20.562558338277153,1336.5662919880149,0.6575573867535618
450,Plus service,Zone 1,Married,Yes,45,159.9047147465312,7195.712163593904,0.974489496298077
451,Plus service,Zone 1,Married,No,45,150.34358778444513,6765.461450300031,0.971599983667619
452,Basic service,Zone 1,Married,Yes,25,83.94446479388358,2098.6116198470895,0.928639636928688
453,Basic service,Zone 2,Unmarried,No,25,193.10420499956288,4827.6051249890725,0.9818455506686568
454,E-service,Zone 3,Unmarried,Yes,35,202.03284702812093,7071.149645984233,0.983311108014763
455,Total service,Zone 1,Unmarried,No,65,656.5690022556907,42676.985146619896,0.9987175418718445
456,Basic service,Zone 2,Unmarried,No,25,79.51327473348074,1987.8318683370185,0.9229027599621052
457,Total service,Zone 1,Married,No,65,53.4778260983055,3476.0586963898572,0.8699156090365935
458,E-service,Zone 3,Unmarried,Yes,35,140.8709343899336,4930.482703647676,0.9682596550684183
459,Plus service,Zone 2,Unmarried,No,45,619.6844080596599,27885.798362684694,0.9985207190548956
460,Total service,Zone 2,Married,Yes,65,30.256873314463526,1966.6967654401292,0.7570498682317363
461,Basic service,Zone 3,Married,Yes,25,19.990441652595933,499.7610413148983,0.6497123816672681
462,Total service,Zone 1,Unmarried,Yes,65,62.02459286990048,4031.5985365435313,0.8920878776368842
463,Plus service,Zone 3,Unmarried,No,45,55.417369145060576,2493.781611527726,0.8755112005013719
464,E-service,Zone 3,Married,No,35,42.03363285867516,1471.1771500536306,0.8275564532582882
465,Plus service,Zone 1,Married,No,45,162.94439737156978,7332.49788172064,0.9753213415947842
466,Total service,Zone 1,Unmarried,No,65,104.27630577288937,6777.95987523781,0.9483602750443777
467,Plus service,Zone 3,Married,Yes,45,89.89694288266656,4045.3624297199954,0.9354114501363338
468,Basic service,Zone 1,Married,No,25,51.389052521970754,1284.7263130492688,0.863454401227602
469,E-service,Zone 1,Married,No,35,982.080260460107,34372.809116103745,0.9995482444384108
470,Basic service,Zone 1,Married,Yes,25,76.98968346202822,1924.7420865507056,0.9193284909969726
471,E-service,Zone 3,Married,No,35,700.8148343629713,24528.519202703996,0.9989106155729758
472,Plus service,Zone 1,Unmarried,Yes,45,65.77164238059493,2959.723907126772,0.9000622980643542
473,E-service,Zone 1,Married,Yes,35,106.43323576349992,3725.163251722497,0.9499723339364734
474,Basic service,Zone 1,Unmarried,Yes,25,14.620240365490341,365.5060091372585,0.5591503257495252
475,Total service,Zone 1,Married,No,65,131.14297788238986,8524.29356235534,0.9642188533737992
476,E-service,Zone 2,Married,Yes,35,70.38847434071553,2463.5966019250436,0.9087380779776971
477,Total service,Zone 3,Unmarried,No,65,59.35276382494837,3857.929648621644,0.8858076440184631
478,Plus service,Zone 2,Unmarried,No,45,94.48558450388768,4251.851302674945,0.9400110531970883
479,E-service,Zone 2,Unmarried,Yes,35,109.51512181605516,3833.0292635619303,0.9521526276864818
480,Basic service,Zone 3,Unmarried,No,25,57.45230528003473,1436.3076320008681,0.8810016469682344
481,Basic service,Zone 1,Married,No,25,58.0844911662291,1452.1122791557275,0.882633467858684
482,Basic service,Zone 3,Married,Yes,25,47.74020015071546,1193.5050037678866,0.8509405329324455
483,E-service,Zone 2,Married,Yes,35,112.16047363367483,3925.616577178619,0.9539167171370667
484,Basic service,Zone 1,Unmarried,No,25,21.392327778891676,534.8081944722919,0.6684417738884016
485,Plus service,Zone 2,Unmarried,Yes,45,269.09176736755387,12109.129531539924,0.990447544721364
486,Basic service,Zone 1,Unmarried,No,25,5.563273394621275,139.08183486553187,0.2812182682810306
487,Basic service,Zone 2,Married,No,25,121.41911950125107,3035.477987531277,0.9594068180237943
488,Plus service,Zone 2,Unmarried,No,45,203.35476108383875,9150.964248772743,0.9835139751502804
489,E-service,Zone 1,Married,No,35,884.6519260161288,30962.817410564505,0.9994028602166737
490,Plus service,Zone 1,Unmarried,No,45,27.353234776888183,1230.8955649599682,0.732642704739874
491,Basic service,Zone 3,Unmarried,Yes,25,34.49898699656251,862.4746749140627,0.7868990229196275
492,Basic service,Zone 1,Unmarried,No,25,240.85233230980828,6021.308307745207,0.9880874758888597
493,Basic service,Zone 3,Unmarried,No,25,14.80906598196992,370.226649549248,0.5629625533741057
494,Basic service,Zone 2,Married,Yes,25,157.80404135807908,3945.101033951977,0.9738913998690245
495,Plus service,Zone 2,Married,No,45,627.8430287290457,28252.93629280706,0.9985675154401221
496,Total service,Zone 2,Married,Yes,65,53.84456738985503,3499.896880340577,0.871002331936678
497,E-service,Zone 3,Married,No,35,184.2318857672324,6448.116001853134,0.9802054490460375
498,Total service,Zone 3,Married,No,65,241.72957865747784,15712.42261273606,0.988172234869391
499,Plus service,Zone 2,Unmarried,No,45,48.404213785652715,2178.189620354372,0.853344017429759
500,Plus service,Zone 1,Unmarried,No,45,109.65307310693662,4934.388289812147,0.9522470018381944
501,E-service,Zone 2,Unmarried,Yes,35,134.2571908068501,4699.001678239753,0.9655882410172953
502,E-service,Zone 3,Unmarried,No,35,136.48033393776444,4776.811687821755,0.9665206654912135
503,E-service,Zone 2,Unmarried,Yes,35,40.815739894717055,1428.550896315097,0.821839653121552
504,Plus service,Zone 2,Unmarried,No,45,29.525846060501138,1328.6630727225513,0.751245945814487
505,Basic service,Zone 1,Married,Yes,25,20.23170133574137,505.79253339353426,0.6530556705996559
506,Basic service,Zone 2,Unmarried,No,25,76.18008353736059,1904.5020884340147,0.9181301313659144
507,E-service,Zone 1,Unmarried,No,35,459.3238394403251,16076.33438041138,0.9969870925517481
508,Total service,Zone 2,Unmarried,No,65,84.07633961930952,5464.962075255119,0.9288006749707677
509,E-service,Zone 1,Unmarried,Yes,35,57.19675226782501,2001.8863293738755,0.8803323309894663
510,E-service,Zone 1,Unmarried,No,35,82.62314948769087,2891.8102320691805,0.9269962828421644
511,Total service,Zone 1,Unmarried,No,65,59.832048743943815,3889.083168356348,0.8869737850864767
512,Total service,Zone 2,Married,No,65,216.62739227397705,14080.780497808508,0.985373658547966
513,E-service,Zone 3,Married,No,35,836.7603182125708,29286.61113743998,0.9993088121488396
514,E-service,Zone 1,Unmarried,No,35,80.49961340847878,2817.486469296757,0.9242367563238282
515,Total service,Zone 2,Unmarried,Yes,65,34.42503740610259,2237.6274313966683,0.7864287199687497
516,Total service,Zone 2,Married,No,65,212.5862682401074,13818.10743560698,0.9848396482522528
517,Basic service,Zone 2,Unmarried,No,25,30.3651125755485,759.1278143887125,0.7578911135826958
518,Total service,Zone 1,Married,No,65,25.01802955128228,1626.1719208333482,0.7100685198634229
519,Total service,Zone 1,Unmarried,Yes,65,21.883122609798022,1422.4029696368714,0.6746198663671525
520,Plus service,Zone 1,Married,No,45,554.5429892058655,24954.43451426395,0.9980634920409271
521,Total service,Zone 1,Married,No,65,32.56944979281321,2117.014236532859,0.7740767337942646
522,E-service,Zone 1,Unmarried,No,35,250.27240198060872,8759.534069321306,0.988955887609587
523,Plus service,Zone 3,Married,No,45,285.488025017936,12846.961125807122,0.9915308657332043
524,Basic service,Zone 1,Married,No,25,59.544734156684456,1488.6183539171113,0.8862768761880133
525,E-service,Zone 1,Unmarried,No,35,96.23130260992563,3368.095591347397,0.9416365161916093
526,E-service,Zone 3,Unmarried,No,35,246.40163224490394,8624.057128571638,0.9886099487053864
527,Plus service,Zone 3,Married,No,45,1222.486416125742,55011.888725658384,0.9997529723801952
528,Basic service,Zone 3,Unmarried,Yes,25,13.795853567915843,344.8963391978961,0.5418451894979057
529,Total service,Zone 2,Married,No,65,57.29014101125722,3723.8591657317193,0.8805775778510806
530,Basic service,Zone 3,Married,Yes,25,127.38759645814375,3184.6899114535936,0.9624620858502028
531,Basic service,Zone 3,Unmarried,Yes,25,52.06404575935533,1301.6011439838833,0.8655943828155344
532,Basic service,Zone 1,Unmarried,No,25,34.49898699656251,862.4746749140627,0.7868990229196275
533,Plus service,Zone 2,Unmarried,Yes,45,341.7232754006174,15377.547393027784,0.9941907464480376
534,E-service,Zone 1,Married,No,35,57.8529618812087,2024.8536658423045,0.8820397527936105
535,Plus service,Zone 1,Unmarried,No,45,38.34546680910477,1725.5460064097147,0.809310112975876
536,Plus service,Zone 3,Unmarried,No,45,94.40661253592042,4248.2975641164185,0.9399359748740299
537,Total service,Zone 2,Married,No,65,63.142919497379474,4104.289767329666,0.8945643256919854
538,Plus service,Zone 3,Unmarried,No,45,85.3172094686823,3839.2744260907034,0.9302902742729392
539,Total service,Zone 3,Unmarried,No,65,118.91353280205495,7729.379632133571,0.9580177134326304
540,Total service,Zone 1,Married,No,65,52.84011189099898,3434.607272914934,0.8679927875219745
541,Plus service,Zone 2,Married,No,45,92.33625111772363,4155.131300297564,0.9379179847006204
542,Plus service,Zone 3,Married,No,45,213.22524490182133,9595.13602058196,0.9849258633291914
543,Total service,Zone 2,Unmarried,Yes,65,435.6256500603696,28315.667253924024,0.9965997516989246
544,Basic service,Zone 3,Unmarried,No,25,114.13093314271003,2853.273328567751,0.9551706453416785
545,Plus service,Zone 2,Unmarried,Yes,45,82.52828495010179,3713.772822754581,0.9268761726995317
546,Total service,Zone 2,Married,No,65,49.38355625559765,3209.931156613847,0.8567829259763398
547,Basic service,Zone 2,Unmarried,No,25,74.82150170475482,1870.5375426188705,0.9160594839534476
548,Plus service,Zone 3,Married,Yes,45,93.30389002096379,4198.6750509433705,0.9388732116190395
549,Basic service,Zone 1,Married,No,25,60.2633647875268,1506.58411968817,0.888008049233922
550,Basic service,Zone 3,Married,Yes,25,22.19202554987264,554.8006387468159,0.6784139486994656
551,E-service,Zone 3,Married,Yes,35,29.354780775219684,1027.417327132689,0.7498562716664482
552,Total service,Zone 2,Unmarried,Yes,65,23.839968916808516,1549.5979795925537,0.6975061893598163
553,E-service,Zone 2,Unmarried,Yes,35,131.38691318151365,4598.5419613529775,0.9643288883669939
554,Plus service,Zone 2,Married,No,45,158.13004416689142,7115.851987510114,0.9739855033937383
555,Basic service,Zone 1,Unmarried,No,25,30.522265395205892,763.0566348801473,0.7591044000764661
556,Basic service,Zone 2,Married,No,25,300.2300745770426,7505.751864426065,0.9923665005884938
557,Plus service,Zone 1,Unmarried,No,45,39.641296628238756,1783.858348270744,0.8160461058668941
558,Plus service,Zone 1,Unmarried,No,45,50.8260517146981,2287.1723271614146,0.8616298202223639
559,E-service,Zone 2,Unmarried,No,35,870.1143473963426,30454.00215887199,0.9993761769391376
560,Total service,Zone 2,Unmarried,No,65,39.61676630387387,2575.089809751801,0.8159220190144949
561,E-service,Zone 1,Unmarried,No,35,437.0716559652862,15297.507958785018,0.9966252360467108
562,Total service,Zone 3,Unmarried,No,65,49.17653447782939,3196.4747410589107,0.8560662512931407
563,Basic service,Zone 1,Unmarried,Yes,25,9.428552951075204,235.7138237768801,0.42790290427834676
564,Basic service,Zone 3,Unmarried,Yes,25,11.944653364182521,298.616334104563,0.4986103587982589
565,Plus service,Zone 3,Unmarried,No,45,327.67212993503006,14745.245847076352,0.9936466705200191
566,E-service,Zone 3,Married,No,35,41.03712190972683,1436.299266840439,0.8229002718040034
567,Basic service,Zone 3,Married,No,25,40.22457398132171,1005.6143495330427,0.8189590857062714
568,E-service,Zone 3,Married,No,35,56.096713567382935,1963.3849748584028,0.877385711375313
569,Basic service,Zone 1,Unmarried,Yes,25,69.81018273042507,1745.2545682606267,0.9077139298241327
570,Plus service,Zone 3,Unmarried,Yes,45,47.88439642414585,2154.7978390865633,0.8514675319251043
571,E-service,Zone 3,Unmarried,No,35,48.40133234120564,1694.0466319421973,0.8533337151736797
572,Total service,Zone 1,Married,No,65,66.30218819383207,4309.642232599084,0.9011201068750965
573,Plus service,Zone 3,Married,No,45,218.76857235116157,9844.58575580227,0.9856460874688971
574,Total service,Zone 1,Married,Yes,65,22.827150492422227,1483.7647820074449,0.6859951354514477
575,Basic service,Zone 1,Unmarried,Yes,25,12.234707278903555,305.86768197258885,0.5058224672341095
576,Basic service,Zone 2,Married,No,25,9.479692831335107,236.9923207833777,0.42950290044586903
577,Total service,Zone 2,Married,Yes,65,31.204140620530143,2028.2691403344593,0.7642598369155603
578,Basic service,Zone 1,Unmarried,No,25,58.82013169246179,1470.5032923115448,0.8844904504359192
579,Total service,Zone 1,Married,No,65,147.28820567822788,9573.733369084812,0.970579247972913
580,Plus service,Zone 1,Married,No,45,129.85997029169104,5843.698663126097,0.9636320834919813
581,E-service,Zone 2,Married,No,35,279.57599320531966,9785.159762186187,0.9911605939572671
582,Plus service,Zone 1,Married,No,45,122.09529827923869,5494.288422565741,0.9597704235846443
583,Plus service,Zone 2,Unmarried,No,45,873.6133717349561,39312.60172807302,0.999382738988031
584,Basic service,Zone 1,Unmarried,No,25,43.58515788523456,1089.628947130864,0.8344410643797405
585,Basic service,Zone 3,Unmarried,No,25,38.71382959042864,967.8457397607159,0.8112631604138544
586,Plus service,Zone 3,Married,No,45,339.76364288110386,15289.363929649673,0.9941187547609831
587,Basic service,Zone 1,Married,No,25,134.45353213815048,3361.338303453762,0.9656720649421696
588,Basic service,Zone 2,Married,No,25,100.91552924520892,2522.8882311302227,0.9456951790578578
589,Basic service,Zone 2,Married,Yes,25,39.73011269188978,993.2528172972445,0.816494306512789
590,Basic service,Zone 1,Married,No,25,34.7151225759228,867.8780643980699,0.7882643973257312
591,Plus service,Zone 3,Unmarried,Yes,45,319.7525794350212,14388.866074575953,0.9933092542136588
592,Total service,Zone 1,Married,No,65,23.969275414012458,1558.0029019108097,0.6989271283579495
593,Plus service,Zone 2,Married,No,45,554.5429892058655,24954.43451426395,0.9980634920409271
594,Basic service,Zone 1,Married,No,25,52.36592434414206,1309.1481086035515,0.8665350871539341
595,Plus service,Zone 2,Married,No,45,67.38544038255718,3032.344817215073,0.9032288982173204
596,Total service,Zone 3,Unmarried,No,65,25.032768808273822,1627.1299725377985,0.7102203944886252
597,Plus service,Zone 2,Unmarried,No,45,32.77758148335652,1474.9911667510435,0.7755169895437986
598,Plus service,Zone 1,Unmarried,No,45,224.2129806079643,10089.584127358394,0.9863079284761285
599,Total service,Zone 2,Unmarried,Yes,65,96.83704712142496,6294.408062892622,0.9421856209265489
600,Basic service,Zone 2,Unmarried,Yes,25,16.236436094076343,405.9109023519086,0.5901068934200251
601,Basic service,Zone 3,Unmarried,Yes,25,28.549501966361312,713.7375491590328,0.7431471243001918
602,E-service,Zone 3,Unmarried,Yes,35,40.39244674179725,1413.7356359629039,0.8197843197568297
603,Basic service,Zone 2,Unmarried,Yes,25,24.787389688536567,619.6847422134142,0.7076753666668946
604,Plus service,Zone 1,Unmarried,No,45,228.66624219961366,10289.980898982614,0.9868183201700872
605,E-service,Zone 2,Married,No,35,123.07391428556001,4307.5869999946,0.96028847070537
606,E-service,Zone 2,Unmarried,No,35,555.0432082049579,19426.512287173526,0.9980676709373534
607,Plus service,Zone 1,Unmarried,No,45,105.60013678639152,4752.0061553876185,0.9493584041458272
608,Basic service,Zone 1,Unmarried,No,25,38.069387498997905,951.7346874749476,0.8078258109787282
609,Total service,Zone 1,Married,Yes,65,81.25191454855691,5281.374445656199,0.9252315892122539
610,Basic service,Zone 1,Unmarried,Yes,25,27.50703048953168,687.675762238292,0.7340308761979256
611,Plus service,Zone 3,Married,No,45,62.22640164585298,2800.188074063384,0.8925411403190845
612,E-service,Zone 2,Unmarried,No,35,222.7554770365686,7796.441696279901,0.9861349557723986
613,Plus service,Zone 2,Married,No,45,175.39847273897496,7892.931273253873,0.9783594920214649
614,Plus service,Zone 3,Married,No,45,274.5042456542091,12352.69105443941,0.9908250965360398
615,Plus service,Zone 3,Married,No,45,206.92529438084367,9311.638247137966,0.9840450969882627
616,Basic service,Zone 3,Unmarried,No,25,15.92762066385808,398.190516596452,0.5844732142648348
617,Basic service,Zone 3,Unmarried,Yes,25,61.445110192371274,1536.127754809282,0.8907703811989601
618,Plus service,Zone 3,Unmarried,No,45,143.3839805810529,6452.27912614738,0.9691978467718562
619,E-service,Zone 2,Unmarried,No,35,46.540339102828945,1628.9118685990131,0.8464428904680068
620,Total service,Zone 1,Unmarried,No,65,268.73440821842564,17467.736534197666,0.9904218736152265
621,Plus service,Zone 3,Unmarried,No,45,166.0008239871744,7470.037079422848,0.9761198360904018
622,Basic service,Zone 1,Unmarried,No,25,162.70426926546563,4067.6067316366407,0.9752570263613202
623,E-service,Zone 2,Unmarried,Yes,35,50.580170818635686,1770.305978652249,0.8608213720892635
624,E-service,Zone 1,Married,No,35,487.65735482144225,17068.00741875048,0.9973765847254334
625,Total service,Zone 3,Married,Yes,65,22.964484980526183,1492.6915237342018,0.687596751550344
626,Basic service,Zone 2,Married,No,25,94.96089135764488,2374.022283941122,0.9404600614863909
627,Total service,Zone 2,Unmarried,Yes,65,20.190857851845212,1312.405760369939,0.6524933145210803
628,Plus service,Zone 2,Married,No,45,534.4930119880929,24052.185539464183,0.9978856346673552
629,Basic service,Zone 3,Married,No,25,540.7319799170167,13518.299497925418,0.9979432211096423
630,Basic service,Zone 2,Married,Yes,25,34.7151225759228,867.8780643980699,0.7882643973257312
631,Plus service,Zone 3,Unmarried,No,45,181.78100645740585,8180.145290583263,0.9797160591554357
632,Basic service,Zone 1,Married,No,25,86.98822568031272,2174.705642007818,0.9322253201996046
633,Plus service,Zone 2,Married,No,45,148.67502946518934,6690.37632593352,0.971048871646039
634,Total service,Zone 2,Unmarried,Yes,65,84.85698282454499,5515.7038835954245,0.9297431575421409
635,Basic service,Zone 2,Married,No,25,34.7151225759228,867.8780643980699,0.7882643973257312
636,Total service,Zone 2,Unmarried,Yes,65,40.646703955991384,2642.03575713944,0.8210232303952231
637,E-service,Zone 1,Married,No,35,210.92474442544378,7382.366054890532,0.9846122411918701
638,Basic service,Zone 1,Unmarried,Yes,25,16.56493492740988,414.123373185247,0.595963461623441
639,Plus service,Zone 2,Married,No,45,199.44373295301247,8974.96798288556,0.9829036009725215
640,Plus service,Zone 2,Married,No,45,1229.8412345131012,55342.855553089554,0.9997571111562134
641,Total service,Zone 2,Unmarried,No,65,87.64904971438911,5697.188231435292,0.9329689687123007
642,Plus service,Zone 1,Married,No,45,155.0504708752662,6977.271189386979,0.9730770854655879
643,Plus service,Zone 2,Married,No,45,900.433543159289,40519.509442168004,0.9994301690997409
644,Basic service,Zone 3,Unmarried,Yes,25,96.8230442161434,2420.576105403585,0.9421730120664203
645,Basic service,Zone 1,Unmarried,Yes,25,8.979286750326354,224.48216875815885,0.41351861558731795
646,E-service,Zone 2,Unmarried,Yes,35,51.21436671732356,1792.5028351063245,0.8628921902050449
647,Total service,Zone 3,Married,No,65,233.1845363890483,15156.99486528814,0.9873097079958617
648,Total service,Zone 1,Unmarried,Yes,65,17.11460960391531,1112.4496242544951,0.6054617325434158
649,Plus service,Zone 3,Married,No,45,80.52430786196106,3623.593853788248,0.9242697192088095
650,Basic service,Zone 3,Unmarried,No,25,53.07349852253939,1326.8374630634846,0.8687014339906461
651,Plus service,Zone 2,Married,No,45,127.74466699043768,5748.510014569695,0.9626343455944752
652,Basic service,Zone 3,Unmarried,Yes,25,46.91643438175112,1172.9108595437779,0.8478746437459019
653,Plus service,Zone 2,Unmarried,No,45,132.2958163588379,5953.311736147705,0.9647346675225491
654,Basic service,Zone 3,Married,No,25,385.8676405559414,9646.691013898535,0.9955395229379855
655,Basic service,Zone 3,Unmarried,Yes,25,20.372993223921533,509.3248305980383,0.6549897528839042
656,Plus service,Zone 3,Unmarried,No,45,76.6684079245998,3450.0783566069913,0.918856051384985
657,Plus service,Zone 3,Unmarried,Yes,45,157.14553003661484,7071.548851647668,0.9736998475092673
658,Total service,Zone 1,Unmarried,Yes,65,24.862267856945955,1616.047410701487,0.708455754312429
659,E-service,Zone 3,Married,No,35,84.54819694766766,2959.186893168368,0.9293725485746456
660,Basic service,Zone 3,Unmarried,Yes,25,15.3517438830498,383.79359707624496,0.5736217842150427
661,Plus service,Zone 2,Unmarried,No,45,391.23463469927015,17605.558561467158,0.9956736127337952
662,E-service,Zone 3,Married,No,35,923.3590772098092,32317.567702343324,0.9994670152417873
663,Basic service,Zone 1,Married,No,25,28.532692062123974,713.3173015530994,0.7430040598059546
664,Total service,Zone 3,Unmarried,Yes,65,28.29426827997637,1839.1274381984642,0.7409612810587353
665,Total service,Zone 1,Unmarried,No,65,241.69419417931488,15710.122621655468,0.9881688321387204
666,Basic service,Zone 3,Unmarried,No,25,28.3787674063876,709.46918515969,0.7416881799196029
667,Total service,Zone 1,Unmarried,Yes,65,66.74037723865577,4338.124520512625,0.9019812800387467
668,E-service,Zone 1,Married,Yes,35,59.972982412089785,2099.0543844231424,0.8873132995296198
669,E-service,Zone 2,Married,No,35,70.8383114133273,2479.3408994664555,0.9095231487227714
670,Total service,Zone 2,Married,No,65,87.35649462000391,5678.1721503002545,0.9326412221033784
671,E-service,Zone 3,Unmarried,No,35,2781.8430148797634,97364.50552079172,0.9999796528802651
672,E-service,Zone 3,Unmarried,No,35,554.3729270666861,19403.052447334012,0.9980620685900612
673,Plus service,Zone 1,Married,No,45,255.20081380293703,11484.036621132167,0.9893757905247159
674,Basic service,Zone 3,Unmarried,Yes,25,23.02737425327286,575.6843563318215,0.6883258091528165
675,E-service,Zone 1,Unmarried,No,35,16.0040022583501,560.1400790422534,0.5858784090570504
676,Plus service,Zone 3,Unmarried,No,45,180.99633221403985,8144.834949631793,0.9795558048875393
677,Total service,Zone 1,Married,Yes,65,67.96902392946447,4417.98655541519,0.9043374128402233
678,Plus service,Zone 1,Married,No,45,133.5571837439043,6010.073268475693,0.9652870084389206
679,Total service,Zone 1,Married,No,65,67.18350498900853,4366.927824285554,0.9028408813340207
680,E-service,Zone 3,Married,Yes,35,42.67914639537577,1493.770123838152,0.8304731257517445
681,E-service,Zone 1,Unmarried,No,35,394.9907005785843,13824.674520250452,0.9957642452752835
682,Plus service,Zone 1,Married,No,45,228.14974564171456,10266.738553877156,0.986760485018997
683,Plus service,Zone 2,Married,No,45,79.0221491903554,3555.996713565993,0.9222256385015589
684,Basic service,Zone 3,Unmarried,No,25,26.671996735948092,666.7999183987023,0.7263535858013059
685,Plus service,Zone 3,Married,No,45,987.6798725005027,44445.59426252262,0.9995551259866152
686,Plus service,Zone 3,Married,Yes,45,42.92249377913991,1931.5122200612961,0.8315530706762865
687,E-service,Zone 3,Unmarried,No,35,190.4298577003091,6665.045019510819,0.9813717860033871
688,Basic service,Zone 2,Unmarried,Yes,25,19.629083072402754,490.72707681006887,0.6446063279712555
689,Total service,Zone 3,Unmarried,No,65,419.01766958050257,27236.148522732667,0.9962876589981852
690,E-service,Zone 2,Married,No,35,189.77027959916097,6641.959785970634,0.9812522961830717
691,E-service,Zone 1,Married,No,35,126.82096499167153,4438.733774708504,0.962186396750416
692,Plus service,Zone 2,Married,No,45,365.7322682760365,16457.95207242164,0.9949834533918189
693,E-service,Zone 3,Married,No,35,119.19363219229487,4171.777126730321,0.9581763478828588
694,Basic service,Zone 1,Unmarried,Yes,25,23.606281998985953,590.1570499746488,0.6949108701895654
695,Total service,Zone 1,Unmarried,No,65,127.1304281084252,8263.477827047638,0.9623373194034001
696,E-service,Zone 1,Unmarried,No,35,1736.810623797849,60788.37183292472,0.9999110731781194
697,Total service,Zone 2,Unmarried,Yes,65,29.532258599128873,1919.5968089433768,0.7512978025198516
698,Plus service,Zone 2,Unmarried,No,45,1865.850215285815,83963.25968786168,0.9999283954302758
699,Total service,Zone 1,Married,No,65,63.751297989566595,4143.8343693218285,0.8958761041979122
700,E-service,Zone 1,Unmarried,Yes,35,106.82943195202868,3739.030118321004,0.9502605421458531
701,E-service,Zone 1,Unmarried,Yes,35,126.63650668953854,4432.277734133849,0.9620960274907722
702,E-service,Zone 2,Unmarried,No,35,302.68012695850547,10593.804443547691,0.9924943573816645
703,Plus service,Zone 1,Unmarried,No,45,372.28106833588265,16752.64807511472,0.9951740826792046
704,Plus service,Zone 1,Unmarried,No,45,315.82486314421783,14212.118841489802,0.9931328520950479
705,Basic service,Zone 2,Unmarried,Yes,25,33.681103413069074,842.0275853267268,0.7816061476803932
706,E-service,Zone 3,Married,No,35,42.388454018595304,1483.5958906508356,0.8291691035440845
707,E-service,Zone 2,Unmarried,No,35,175.70354359996594,6149.624025998808,0.978427177967222
708,E-service,Zone 2,Unmarried,No,35,106.19055999979415,3716.669599992795,0.9497946127201776
709,Plus service,Zone 2,Married,No,45,223.893675295505,10075.215388297725,0.986270290335801
710,Total service,Zone 2,Married,Yes,65,44.29238615633883,2879.005100162024,0.8374405268547733
711,Total service,Zone 3,Married,No,65,74.58254725715184,4847.8655717148695,0.9156873219530871
712,Basic service,Zone 2,Unmarried,Yes,25,116.20328144865384,2905.082036216346,0.9564372610681676
713,Total service,Zone 1,Married,Yes,65,247.92165686214724,16114.90769603957,0.9887475489345121
714,Total service,Zone 1,Married,No,65,414.1233067175692,26918.014936642,0.9961883915277226
715,Total service,Zone 2,Married,No,65,70.34910523519784,4572.69184028786,0.908668890575199
716,Basic service,Zone 1,Married,No,25,121.31763622349804,3032.940905587451,0.9593518417945233
717,Total service,Zone 1,Married,No,65,423.21289777220505,27508.83835519333,0.9963700046730375
718,Plus service,Zone 1,Married,No,45,206.01131634360397,9270.50923546218,0.983911429555643
719,Plus service,Zone 1,Unmarried,No,45,508.898857549934,22900.44858974703,0.9976256331763103
720,Total service,Zone 2,Unmarried,Yes,65,32.75729847613748,2129.224400948936,0.7753772643856918
721,Basic service,Zone 3,Unmarried,No,25,24.03491635045542,600.8729087613855,0.6996443740501346
722,Basic service,Zone 1,Married,Yes,25,75.61666337078256,1890.416584269564,0.9172806398517425
723,Basic service,Zone 1,Married,Yes,25,24.615482838440602,615.3870709610151,0.7058710842569447
724,Total service,Zone 3,Married,No,65,28.815147252037583,1872.984571382443,0.74539138036007
725,E-service,Zone 3,Married,Yes,35,96.71725123907721,3385.1037933677026,0.9420776222708647
726,Plus service,Zone 1,Married,Yes,45,65.49732063132195,2947.379428409488,0.8995087435080054
727,E-service,Zone 3,Unmarried,No,35,98.73307777022144,3455.6577219577503,0.9438567863034419
728,Plus service,Zone 1,Unmarried,Yes,45,142.13446494382347,6396.050922472056,0.9687363501502632
729,Basic service,Zone 1,Unmarried,No,25,45.220130472399894,1130.5032618099974,0.8412509945602474
730,Basic service,Zone 2,Married,No,25,83.94446479388358,2098.6116198470895,0.928639636928688
731,Basic service,Zone 2,Unmarried,No,25,52.984816908833956,1324.6204227208489,0.8684328421164207
732,Basic service,Zone 1,Married,No,25,27.845888317670777,696.1472079417695,0.7370494938620542
733,Total service,Zone 1,Unmarried,Yes,65,15.141796961113442,984.2168024723737,0.5695493064787519
734,Basic service,Zone 3,Unmarried,No,25,200.3479571610665,5008.698929026662,0.9830474749951549
735,E-service,Zone 2,Unmarried,No,35,95.73582757395972,3350.7539650885906,0.9411817303956812
736,E-service,Zone 1,Unmarried,No,35,832.2462666245083,29128.61933185779,0.9992989781933531
737,Basic service,Zone 3,Married,No,25,107.33327011316617,2683.331752829154,0.9506236106178213
738,Basic service,Zone 1,Married,Yes,25,81.88585595065251,2047.1463987663128,0.9260551106476537
739,Total service,Zone 3,Married,No,65,117.32818140041323,7626.33179102686,0.9571034075369144
740,Plus service,Zone 3,Unmarried,No,45,73.454473356172,3305.45130102774,0.9138971156944489
741,E-service,Zone 3,Unmarried,No,35,34.98539455916781,1224.4888095708734,0.7899527051022202
742,Total service,Zone 3,Married,No,65,166.3391243075175,10812.043079988636,0.9762059773238121
743,Plus service,Zone 3,Married,No,45,1292.4548870390554,58160.469916757495,0.9997889735782358
744,Plus service,Zone 1,Married,No,45,124.71616455873657,5612.227405143145,0.9611366466715583
745,Basic service,Zone 3,Unmarried,No,25,46.3182180826311,1157.9554520657775,0.8455876407245304
746,Total service,Zone 3,Married,Yes,65,70.57767704430809,4587.549007880026,0.9090695040229513
747,E-service,Zone 3,Married,No,35,38.941647888709454,1362.9576761048309,0.8124556389315444
748,E-service,Zone 3,Married,No,35,108.14545875129988,3785.091056295496,0.9512008916854724
749,E-service,Zone 2,Unmarried,No,35,90.44370928281597,3165.529824898559,0.9359859251492363
750,Basic service,Zone 1,Married,No,25,43.55949500918565,1088.9873752296414,0.8343306366276728
751,Total service,Zone 1,Married,Yes,65,316.2039889706452,20553.25928309194,0.9931501530221075
752,Total service,Zone 3,Married,No,65,351.32175066958945,22835.913793523316,0.9945266685270416
753,E-service,Zone 3,Married,No,35,116.97010798014323,4093.953779305013,0.9568929554705621
754,Plus service,Zone 3,Married,No,45,300.8503112120469,13538.26400454211,0.9923991465455327
755,E-service,Zone 2,Married,No,35,151.54861896522948,5304.201663783032,0.9719888270343908
756,Basic service,Zone 3,Unmarried,No,25,57.3083680692226,1432.7092017305652,0.8806253556962753
757,Plus service,Zone 2,Married,Yes,45,521.8215367346143,23481.969153057642,0.9977619155398807
758,E-service,Zone 1,Married,No,35,43.34960115944461,1517.2360405805614,0.8334232140532639
759,Basic service,Zone 2,Married,No,25,217.1934845623377,5429.837114058442,0.9854463753380114
760,E-service,Zone 3,Unmarried,No,35,282.7749278353716,9897.122474238007,0.9913636282353917
761,Total service,Zone 3,Married,No,65,51.58740670084626,3353.181435555007,0.8640885710489967
762,Total service,Zone 1,Unmarried,Yes,65,29.532258599128873,1919.5968089433768,0.7512978025198516
763,Plus service,Zone 3,Unmarried,No,45,177.47143931019525,7986.214768958786,0.9788136461423267
764,Basic service,Zone 1,Married,Yes,25,66.53105686033163,1663.2764215082907,0.9015712981884068
765,E-service,Zone 3,Married,No,35,139.10911636396713,4868.81907273885,0.9675776008735301
766,Total service,Zone 2,Unmarried,Yes,65,45.90413136539378,2983.768538750596,0.8439737556040426
767,Total service,Zone 3,Married,No,65,328.4621349429717,21350.038771293162,0.9936790522613055
768,Plus service,Zone 2,Married,No,45,732.4735958594739,32961.31181367632,0.9990258689691088
769,E-service,Zone 1,Married,Yes,35,141.46396827454836,4951.2388896091925,0.9684846633347656
770,Basic service,Zone 2,Married,No,25,164.70861558460896,4117.715389615224,0.9757867398968972
771,E-service,Zone 1,Unmarried,Yes,35,61.83530025627014,2164.2355089694547,0.8916601280679219
772,Plus service,Zone 1,Married,No,45,67.38544038255718,3032.344817215073,0.9032288982173204
773,Total service,Zone 2,Married,No,65,144.7153460846451,9406.497495501932,0.969679032756236
774,Plus service,Zone 3,Unmarried,No,45,403.8207334759489,18171.9330064177,0.9959674825402285
775,Plus service,Zone 3,Married,Yes,45,117.77927915420264,5300.067561939119,0.957366444466136
776,E-service,Zone 3,Married,No,35,768.0768671451187,26882.690350079156,0.9991371216919728
777,Basic service,Zone 1,Married,Yes,25,204.20691012311585,5105.172753077896,0.983642938301082
778,Total service,Zone 2,Unmarried,Yes,65,83.17343597501939,5406.27333837626,0.9276873494006485
779,Total service,Zone 1,Married,No,65,30.075928163209674,1954.9353306086289,0.7556332509665287
780,Total service,Zone 2,Unmarried,No,65,84.7860585352515,5511.093804791348,0.9296582851567072
781,Basic service,Zone 2,Unmarried,Yes,25,56.6934394010867,1417.3359850271675,0.8789974798879631
782,Basic service,Zone 1,Married,No,25,69.40985207073743,1735.2463017684358,0.9069949514498393
783,Plus service,Zone 1,Married,No,45,28.901757769030624,1300.5790996063781,0.7461164135662637
784,Total service,Zone 3,Married,No,65,147.57101286397435,9592.115836158333,0.9706758850183396
785,Basic service,Zone 3,Unmarried,No,25,1448.7596463375853,36218.99115843963,0.9998480297151296
786,Basic service,Zone 3,Married,No,25,84.01468508255468,2100.367127063867,0.9287254521814523
787,Basic service,Zone 1,Married,Yes,25,53.66242632161379,1341.5606580403448,0.8704643317006305
788,Plus service,Zone 2,Unmarried,No,45,527.9887432381935,23759.49344571871,0.9978232974694324
789,E-service,Zone 3,Unmarried,Yes,35,107.47214753566833,3761.5251637483916,0.9507230153342099
790,E-service,Zone 3,Married,No,35,38.941647888709475,1362.9576761048315,0.8124556389315445
791,E-service,Zone 1,Married,Yes,35,110.20123223155183,3857.043128104314,0.952619370857361
792,Basic service,Zone 2,Married,No,25,79.30415354538273,1982.6038386345683,0.9226155038706529
793,E-service,Zone 1,Married,No,35,635.6190119745003,22246.66541910751,0.9986103160667039
794,Plus service,Zone 2,Unmarried,Yes,45,40.63787806283007,1828.704512827353,0.8209804444858609
795,Basic service,Zone 3,Unmarried,Yes,25,48.635686100086254,1215.8921525021563,0.8541680429511034
796,Plus service,Zone 1,Unmarried,No,45,331.6267236162285,14923.202562730283,0.9938065458229577
797,E-service,Zone 2,Married,No,35,572.5617404144457,20039.6609145056,0.9982067836517384
798,Total service,Zone 2,Unmarried,No,65,52.51113053216765,3413.223484590897,0.8669840364408422
799,Total service,Zone 2,Married,No,65,334.4262318812194,21737.70507227926,0.9939164417759321
800,Total service,Zone 1,Married,No,65,224.94155788863085,14621.201262761006,0.9863932774395091
801,Plus service,Zone 3,Married,No,45,151.37461700876156,6811.85776539427,0.9719331455218655
802,Total service,Zone 2,Married,No,65,42.04526479120281,2732.942211428183,0.8276096895358663
803,Plus service,Zone 2,Married,No,45,78.0798231665199,3513.5920424933956,0.9209017574654895
804,Plus service,Zone 1,Unmarried,No,45,241.1481795938072,10851.668081721326,0.9881161536439114
805,Plus service,Zone 3,Married,No,45,107.37529091392078,4831.888091126435,0.950653718419981
806,Plus service,Zone 3,Unmarried,No,45,635.2632621564261,28586.846797039176,0.9986083950415718
807,Plus service,Zone 1,Married,Yes,45,89.60808535291433,4032.363840881145,0.935104919426123
808,Total service,Zone 2,Unmarried,Yes,65,16.39716630595006,1065.8158098867539,0.5929896942460873
809,Plus service,Zone 3,Unmarried,No,45,555.3338490736434,24990.023208313953,0.9980700934997703
810,E-service,Zone 2,Unmarried,No,35,206.86183643637855,7240.16427527325,0.9840358662785198
811,Total service,Zone 3,Married,No,65,419.6280092836024,27275.820603434157,0.9962997936934836
812,Basic service,Zone 3,Married,No,25,32.250193741607006,806.2548435401752,0.7718392672955756
813,E-service,Zone 2,Unmarried,No,35,92.08595352418342,3223.00837334642,0.9376673668085839
814,Plus service,Zone 3,Married,No,45,260.9874257048835,11744.434156719757,0.9898413359237295
815,Plus service,Zone 3,Unmarried,No,45,77.59369992787839,3491.7164967545277,0.9202058182096361
816,Plus service,Zone 3,Unmarried,No,45,97.36224832162563,4381.301174473153,0.9426556738862094
817,Plus service,Zone 1,Unmarried,Yes,45,35.622767311318285,1603.0245290093228,0.7938523127640097
818,Plus service,Zone 3,Unmarried,No,45,217.40652409603786,9783.293584321704,0.9854736115273774
819,Total service,Zone 3,Married,No,65,79.99321738047517,5199.5591297308865,0.9235561370099367
820,Plus service,Zone 3,Unmarried,No,45,102.23363383542862,4600.513522594288,0.9467635986228636
821,Basic service,Zone 2,Married,No,25,39.0034724519979,975.0868112999475,0.812777245071953
822,Plus service,Zone 2,Unmarried,Yes,45,58.540188442764006,2634.30847992438,0.8837890116519395
823,Total service,Zone 1,Married,No,65,22.827150492422227,1483.7647820074449,0.6859951354514477
824,Total service,Zone 2,Unmarried,No,65,57.99413221450787,3769.6185939430115,0.8824022928628246
825,Basic service,Zone 3,Unmarried,Yes,25,35.579064311049585,889.4766077762396,0.7935885311122527
826,Total service,Zone 2,Unmarried,Yes,65,447.8090239421539,29107.586556240003,0.9968067020138278
827,Basic service,Zone 2,Unmarried,No,25,28.355048157336697,708.8762039334174,0.7414844618816885
828,Plus service,Zone 2,Married,No,45,596.7053805944737,26851.742126751316,0.9983775838413984
829,E-service,Zone 3,Married,No,35,96.25509270235433,3368.9282445824015,0.9416582241596567
830,E-service,Zone 1,Unmarried,Yes,35,19.541771148510108,683.9619901978538,0.6433544988203601
831,Plus service,Zone 1,Married,No,45,201.4639402253083,9065.877310138874,0.9832227328196914
832,E-service,Zone 2,Married,No,35,1461.3046226149409,51145.66179152293,0.9998517933640964
833,Basic service,Zone 1,Married,No,25,68.44207753166378,1711.0519382915945,0.9052222123433878
834,Basic service,Zone 1,Married,Yes,25,34.7151225759228,867.8780643980699,0.7882643973257312
835,Plus service,Zone 3,Unmarried,No,45,49.10648278591147,2209.791725366016,0.8558225119789453
836,Basic service,Zone 2,Married,Yes,25,27.501068117826065,687.5267029456517,0.733977272100701
837,E-service,Zone 1,Married,No,35,516.6233704274941,18081.817964962294,0.997708379375308
838,Plus service,Zone 2,Married,No,45,86.08851734870694,3873.9832806918125,0.9311933432816024
839,Plus service,Zone 2,Married,No,45,377.18243422381374,16973.209540071617,0.9953104139971212
840,Total service,Zone 3,Married,No,65,70.0383769730159,4552.494503246034,0.9081200813897052
841,Basic service,Zone 2,Married,Yes,25,42.23715493923268,1055.928873480817,0.828484294480512
842,Plus service,Zone 2,Unmarried,No,45,211.89770927983687,9535.39691759266,0.9847459764723278
843,Basic service,Zone 2,Unmarried,No,25,26.18418170615179,654.6045426537947,0.7217047061725359
844,E-service,Zone 3,Married,No,35,359.32219317534623,12576.276761137118,0.9947868868401883
845,Basic service,Zone 3,Unmarried,No,25,182.01399831919215,4550.349957979804,0.9797633051500159
846,Basic service,Zone 2,Unmarried,No,25,17.477410328695637,436.9352582173909,0.6115326310538411
847,Basic service,Zone 2,Unmarried,Yes,25,8.523733350490991,213.09333376227477,0.39830593051435637
848,Total service,Zone 1,Unmarried,Yes,65,51.266224656606134,3332.3046026793986,0.8630594552705554
849,Total service,Zone 3,Unmarried,No,65,32.51026925733978,2113.1675017270854,0.7736645712998097
850,Total service,Zone 3,Married,No,65,387.82537843845927,25208.64959849985,0.9955890751102153
851,E-service,Zone 1,Unmarried,No,35,84.83350691819464,2969.1727421368123,0.9297150814019868
852,Plus service,Zone 3,Unmarried,Yes,45,55.417369145060576,2493.781611527726,0.8755112005013719
853,E-service,Zone 1,Married,No,35,473.4252079766229,16569.882279181802,0.99718992996999
854,E-service,Zone 2,Unmarried,Yes,35,58.888876710424654,2061.110684864863,0.884661731184083
855,Plus service,Zone 3,Married,No,45,232.29240640740633,10453.158288333285,0.9872147110677224
856,Plus service,Zone 1,Unmarried,No,45,66.5654240226647,2995.4440810199117,0.9016387853925651
857,Basic service,Zone 1,Married,No,25,153.9341400389749,3848.3535009743728,0.9727367410642639
858,Plus service,Zone 3,Unmarried,Yes,45,51.4824882922324,2316.7119731504577,0.8637536863214317
859,Total service,Zone 3,Unmarried,No,65,106.98723105930576,6954.170018854874,0.9503746654287789
860,Basic service,Zone 3,Married,Yes,25,66.0472555089406,1651.181387723515,0.9006139063020876
861,E-service,Zone 3,Unmarried,No,35,106.9187957185218,3742.157850148263,0.9503252180698023
862,Plus service,Zone 2,Married,Yes,45,79.4975684246367,3577.3905791086513,0.9228812396409846
863,Total service,Zone 3,Married,Yes,65,45.64089138415985,2966.65793997039,0.8429343836399269
864,Total service,Zone 3,Unmarried,Yes,65,149.92554750947207,9745.160588115685,0.9714633084172739
865,E-service,Zone 3,Married,No,35,1426.6607920166998,49933.127720584496,0.999841096887334
866,Total service,Zone 3,Unmarried,No,65,32.200023831519346,2093.0015490487576,0.771484508412415
867,Basic service,Zone 2,Married,No,25,100.22818243703732,2505.704560925933,0.9451257039761529
868,Total service,Zone 3,Married,No,65,90.74300680844503,5898.295442548927,0.936297244844614
869,Plus service,Zone 2,Married,No,45,116.2775136126154,5232.488112567693,0.95648167526698
870,E-service,Zone 3,Unmarried,No,35,119.3082516864512,4175.788809025792,0.9582410154293154
871,Total service,Zone 1,Unmarried,Yes,65,29.005585640193182,1885.3630666125568,0.7469812953769362
872,Plus service,Zone 3,Unmarried,No,45,512.3887941816674,23057.495738175036,0.9976635018382486
873,Plus service,Zone 2,Married,Yes,45,260.0520120983852,11702.340544427334,0.9897680020058447
874,E-service,Zone 3,Married,No,35,191.14281823888555,6689.998638360994,0.9814997562991643
875,Basic service,Zone 3,Unmarried,No,25,156.69048393570415,3917.2620983926035,0.9735663222764053
876,Plus service,Zone 3,Married,No,45,700.0101872923921,31500.458428157643,0.9989074586352259
877,Plus service,Zone 1,Unmarried,No,45,98.61971646863127,4437.887241088407,0.9437588484239235
878,Plus service,Zone 1,Married,No,45,311.87496432835815,14034.373394776117,0.9929490189687681
879,Total service,Zone 1,Unmarried,Yes,65,84.58216626933779,5497.8408075069565,0.9294134587232046
880,E-service,Zone 3,Married,No,35,59.25781454291674,2074.023509002086,0.885574488059993
881,Total service,Zone 1,Married,No,65,111.60261118606708,7254.1697270943605,0.9535525691856128
882,Total service,Zone 1,Married,No,65,92.35630506557052,6003.159829262084,0.9379380008929528
883,Plus service,Zone 2,Unmarried,No,45,115.41402762889005,5193.631243300052,0.9559609945595925
884,E-service,Zone 2,Unmarried,No,35,46.65134067303809,1632.7969235563332,0.8468675878581887
885,Plus service,Zone 2,Married,No,45,417.8670187959066,18804.015845815797,0.9962646363027772
886,Plus service,Zone 2,Unmarried,No,45,254.95018930707693,11472.758518818462,0.9893549712050342
887,Total service,Zone 2,Unmarried,No,65,75.88977125803665,4932.835131772382,0.9176940281251955
888,Total service,Zone 2,Married,No,65,39.15402011481388,2545.0113074629026,0.813556833289282
889,E-service,Zone 2,Unmarried,Yes,35,176.39960554643056,6173.98619412507,0.9785805076705408
890,Total service,Zone 3,Married,Yes,65,53.246984199317616,3461.053972955645,0.8692244873996844
891,Total service,Zone 1,Married,No,65,119.51402210943724,7768.41143711342,0.9583567512422204
892,E-service,Zone 3,Married,Yes,35,44.97573750950368,1574.1508128326288,0.8402605512505277
893,Plus service,Zone 2,Unmarried,No,45,91.36527138917496,4111.437212512873,0.9369374914743748
894,Total service,Zone 3,Unmarried,Yes,65,45.90413136539376,2983.7685387505944,0.8439737556040428
895,E-service,Zone 1,Married,No,35,911.2464036769724,31893.62412869403,0.9994479472056061
896,Basic service,Zone 2,Unmarried,No,25,91.97845528541966,2299.4613821354915,0.9375592793200641
897,E-service,Zone 2,Married,Yes,35,200.79952805692454,7027.983481992359,0.9831186962962651
898,E-service,Zone 1,Unmarried,No,35,60.15297019627603,2105.353956869661,0.8877446831422184
899,Total service,Zone 2,Unmarried,Yes,65,53.89634563474761,3503.262466258595,0.8711546575303268
900,Total service,Zone 2,Unmarried,No,65,35.74627134277395,2323.507637280307,0.7945949331292692
901,Total service,Zone 3,Married,Yes,65,64.01193460914097,4160.775749594162,0.8964306568682765
902,Total service,Zone 3,Unmarried,Yes,65,95.7971050503961,6226.811828275746,0.9412382535875561
903,Basic service,Zone 1,Married,No,25,38.538362511455375,963.4590627863844,0.8103367101482065
904,Basic service,Zone 2,Unmarried,No,25,43.84737832089891,1096.1844580224729,0.8355629790008661
905,Basic service,Zone 2,Married,No,25,58.433943624771466,1460.8485906192866,0.883521128229259
906,Basic service,Zone 2,Unmarried,No,25,54.36229071642294,1359.0572679105735,0.8725133051231813
907,Basic service,Zone 2,Married,No,25,46.32966877133042,1158.2417192832604,0.845631907372639
908,E-service,Zone 1,Married,No,35,242.7348504819871,8495.719766869548,0.9882683462035774
909,Plus service,Zone 3,Unmarried,No,45,77.1941860460146,3473.7383720706566,0.9196271101137248
910,Basic service,Zone 2,Unmarried,No,25,339.5467360204138,8488.668400510345,0.9941107120576449
911,Plus service,Zone 3,Unmarried,No,45,63.393612260342415,2852.7125517154086,0.8951078329181404
912,Total service,Zone 3,Unmarried,Yes,65,41.419370853124214,2692.259105453074,0.8247088904698169
913,E-service,Zone 2,Unmarried,Yes,35,90.01152855184559,3150.4034993145956,0.9355324626195665
914,Basic service,Zone 2,Unmarried,No,25,33.91208234897078,847.8020587242694,0.7831214859862683
915,Plus service,Zone 2,Married,No,45,220.0847449460308,9903.813522571387,0.9858100739513264
916,Plus service,Zone 1,Married,No,45,219.29593198138608,9868.316939162374,0.9857121062013942
917,E-service,Zone 1,Married,No,35,180.08006078371835,6302.802127430143,0.9793664263351565
918,Plus service,Zone 3,Unmarried,No,45,552.0127865741356,24840.575395836102,0.9980421697741089
919,Plus service,Zone 1,Unmarried,No,45,235.43116716968163,10594.402522635673,0.9875446651620075
920,Total service,Zone 1,Married,No,65,380.5906033654623,24738.38921875505,0.9954021673166363
921,Basic service,Zone 3,Unmarried,Yes,25,12.392722885120211,309.81807212800527,0.5096792332286253
922,Total service,Zone 3,Unmarried,Yes,65,16.39716630595006,1065.8158098867539,0.5929896942460873
923,E-service,Zone 3,Married,No,35,745.383277267664,26088.41470436824,0.9990682695692649
924,Plus service,Zone 2,Married,Yes,45,248.75941073585818,11194.173483113618,0.9888224109915674
925,Plus service,Zone 2,Unmarried,No,45,142.40737646340662,6408.331940853298,0.9688379790553371
926,Plus service,Zone 1,Married,Yes,45,58.64675291540297,2639.1038811931335,0.8840567748336816
927,Total service,Zone 2,Unmarried,No,65,99.39065956038809,6460.392871425226,0.9444200607666247
928,Basic service,Zone 3,Unmarried,No,25,169.6813086486274,4242.0327162156855,0.9770340374943465
929,Plus service,Zone 2,Married,Yes,45,44.245756684047585,1991.0590507821414,0.8372453318671889
930,Plus service,Zone 3,Married,No,45,379.76908336738165,17089.608751532174,0.9953802735114344
931,Total service,Zone 2,Married,No,65,201.24587937996486,13080.982159697716,0.9831886863754605
932,Total service,Zone 2,Unmarried,No,65,112.83859134613726,7334.508437498922,0.9543538656169699
933,Total service,Zone 2,Unmarried,Yes,65,40.612731046582574,2639.8275180278674,0.8208584512192107
934,Plus service,Zone 2,Married,No,45,224.26841005127113,10092.078452307202,0.9863144476985107
935,Total service,Zone 1,Married,No,65,160.76720047823056,10449.868031084987,0.9747294836732731
936,Basic service,Zone 1,Married,No,25,16.22083774219626,405.52094355490647,0.5898253455476676
937,Basic service,Zone 3,Unmarried,No,25,58.167328194012015,1454.1832048503004,0.8828448006586505
938,Plus service,Zone 1,Unmarried,No,45,490.9094899587984,22090.927048145928,0.9974169010901829
939,Basic service,Zone 2,Unmarried,Yes,25,5.771963690502787,144.29909226256967,0.2906529242077081
940,Plus service,Zone 3,Unmarried,Yes,45,313.6737451423897,14115.318531407536,0.9930335555432636
941,Basic service,Zone 1,Unmarried,No,25,53.66913470845672,1341.7283677114178,0.8704842065793889
942,E-service,Zone 2,Married,Yes,35,128.19653592047527,4486.878757216635,0.9628507279189815
943,Total service,Zone 2,Married,Yes,65,61.965005814022085,4027.7253779114353,0.8919534994271271
944,Plus service,Zone 2,Married,No,45,165.1702978415588,7432.6634028701465,0.9759064939230944
945,Plus service,Zone 1,Married,No,45,612.4461444404134,27560.076499818602,0.9984774981057637
946,Total service,Zone 1,Married,Yes,65,55.48389385013404,3606.4531002587123,0.875696658165236
947,Plus service,Zone 1,Married,No,45,319.71549493153884,14387.197271919247,0.9933076176161975
948,E-service,Zone 3,Married,No,35,104.28374015581022,3649.930905453358,0.9483659592776916
949,Total service,Zone 1,Married,No,65,276.4189096838865,17967.229129452622,0.9909537653005286
950,E-service,Zone 2,Married,No,35,104.911140149367,3671.889905227845,0.9488424279892314
951,Basic service,Zone 3,Unmarried,No,25,39.49745172982916,987.436293245729,0.8153166221109783
952,Total service,Zone 3,Married,No,65,55.864392392714855,3631.1855055264655,0.8767494719078751
953,Plus service,Zone 1,Unmarried,No,45,323.4940884560138,14557.233980520621,0.9934716184580774
954,Total service,Zone 3,Unmarried,No,65,14.682135873478012,954.3388317760708,0.5604059639278083
955,Total service,Zone 2,Unmarried,No,65,81.78890585753207,5316.278880739585,0.9259300311138984
956,Basic service,Zone 3,Unmarried,No,25,137.79962482715985,3444.990620678996,0.9670571160738124
957,Basic service,Zone 3,Married,No,25,65.70719187672107,1642.6797969180268,0.8999326513503557
958,Plus service,Zone 3,Unmarried,No,45,38.34546680910477,1725.5460064097147,0.809310112975876
959,Plus service,Zone 2,Unmarried,No,45,388.89493457838654,17500.272056027396,0.9956158338671491
960,Plus service,Zone 3,Married,No,45,191.54368635157596,8619.465885820919,0.9815711711691938
961,Basic service,Zone 3,Unmarried,Yes,25,29.66704070841956,741.676017710489,0.7523838290383246
962,Basic service,Zone 2,Married,No,25,246.76197662734484,6169.049415683621,0.988642777238151
963,E-service,Zone 3,Married,No,35,180.87899369392116,6330.76477928724,0.9795316888766513
964,Basic service,Zone 1,Married,No,25,45.19350492692673,1129.8376231731681,0.8411435456567041
965,Total service,Zone 3,Unmarried,Yes,65,30.093647257894883,1956.0870717631674,0.755772546247223
966,Total service,Zone 3,Married,No,65,58.70855922961222,3816.056349924794,0.8842116514726407
967,Total service,Zone 1,Married,Yes,65,34.40476799534911,2236.3099196976923,0.7862995289086254
968,Plus service,Zone 1,Unmarried,Yes,45,45.38481666831866,2042.3167500743398,0.8419131376695898
969,Basic service,Zone 3,Married,No,25,31.67504961888007,791.8762404720018,0.7677199773571756
970,Plus service,Zone 2,Unmarried,No,45,421.48954730670204,18967.029628801592,0.9963364775213109
971,Basic service,Zone 3,Unmarried,No,25,80.40564069786008,2010.141017446502,0.9241111261944285
972,Basic service,Zone 2,Married,Yes,25,209.16569895426827,5229.142473856707,0.9843663010455947
973,Plus service,Zone 1,Unmarried,No,45,306.2373352921403,13780.680088146313,0.992674855308057
974,Plus service,Zone 3,Unmarried,No,45,554.405930182821,24948.266858226943,0.9980623449405723
975,Plus service,Zone 3,Unmarried,No,45,393.91765130066983,17726.29430853014,0.9957386156891809
976,E-service,Zone 2,Unmarried,No,35,97.43789199965784,3410.326219988024,0.9427229181132945
977,Plus service,Zone 1,Married,No,45,261.64292861621436,11773.931787729647,0.9898922966785414
978,Basic service,Zone 3,Unmarried,No,25,92.05539607832984,2301.384901958246,0.9376366695544228
979,Basic service,Zone 3,Married,No,25,43.50689170287423,1087.6722925718557,0.8341039312368156
980,Plus service,Zone 2,Unmarried,No,45,259.36252380983444,11671.31357144255,0.9897134823972262
981,E-service,Zone 2,Unmarried,Yes,35,41.672540825393845,1458.5389288887845,0.8258912023248319
982,Basic service,Zone 3,Unmarried,Yes,25,4.772573711669634,119.31434279174084,0.24360986657600334
983,Plus service,Zone 2,Married,No,45,76.16503563594017,3427.4266036173076,0.9181076102846929
984,Basic service,Zone 3,Married,No,25,61.04168762782689,1526.0421906956722,0.8898389382614709
985,Plus service,Zone 3,Unmarried,No,45,91.54070128973984,4119.331558038293,0.937116299257851
986,Total service,Zone 3,Unmarried,Yes,65,18.20301621799839,1183.1960541698952,0.6232267809004004
987,Total service,Zone 2,Married,Yes,65,73.6315692898988,4786.052003843422,0.9141818475676472
988,Total service,Zone 1,Unmarried,Yes,65,18.99947285841294,1234.965735796841,0.6354166238301757
989,E-service,Zone 1,Married,No,35,346.3305912125792,12121.570692440271,0.9943553712841627
990,Plus service,Zone 1,Unmarried,Yes,45,171.34110468425183,7710.349710791333,0.9774302993315017
991,Plus service,Zone 1,Unmarried,No,45,115.65023399197061,5204.260529638677,0.9561043101645512
992,E-service,Zone 2,Married,No,35,189.9290241196885,6647.515844189098,0.9812811518975197
993,Plus service,Zone 1,Married,No,45,91.60582417336327,4122.262087801348,0.9371824884216707
994,Total service,Zone 3,Married,Yes,65,917.3237566375138,59626.0441814384,0.999457623263368
995,Total service,Zone 1,Married,Yes,65,106.2847982214067,6908.511884391436,0.9498637350392076
996,Basic service,Zone 3,Unmarried,No,25,33.91208234897078,847.8020587242694,0.7831214859862683
997,Basic service,Zone 1,Unmarried,No,25,30.73158158938849,768.2895397347122,0.76070564291678
998,Total service,Zone 3,Unmarried,No,65,293.67948993135235,19089.166845537904,0.9920097484850313
999,Plus service,Zone 3,Unmarried,No,45,151.7020145280193,6826.590653760869,0.9720377851917681
1000,E-service,Zone 3,Married,Yes,35,77.14414165317204,2700.0449578610214,0.9195541846262875
